horse,jockey,ofr,age,weight_lbs,form,win_probability,win_odds_fractional,place_probability,place_odds_fractional,show_probability,show_odds_fractional,course,race_time,date,race_class,distance_f,race_name
Anthena,Grace McEntee,,3,127,9-,0.26620892,3/1,0.4224823,3/2,0.48108482,1/1,Newmarket,13:45,2026-05-01,2,10.0,Darley EBF Maiden Fillies' Stakes (GBB/GBBPlus Race)
Blue Noon,Joe Leavy,,3,127,4-,0.24164693,3/1,0.38824987,3/2,0.44322598,3/2,Newmarket,13:45,2026-05-01,2,10.0,Darley EBF Maiden Fillies' Stakes (GBB/GBBPlus Race)
Earth Shot,Tom Marquand,,3,127,2-,0.25456107,3/1,0.40636885,3/2,0.46329677,1/1,Newmarket,13:45,2026-05-01,2,10.0,Darley EBF Maiden Fillies' Stakes (GBB/GBBPlus Race)
Malika,Oisin Murphy,,3,127,4-,0.22466104,7/2,0.3640118,3/2,0.41626832,3/2,Newmarket,13:45,2026-05-01,2,10.0,Darley EBF Maiden Fillies' Stakes (GBB/GBBPlus Race)
Mokata,Sean D Bowen,,3,127,0,0.16812077,5/1,0.28000572,5/2,0.3219626,2/1,Newmarket,13:45,2026-05-01,2,10.0,Darley EBF Maiden Fillies' Stakes (GBB/GBBPlus Race)
Velvet Vega,Benoit De La Sayette,,3,127,,0.16812077,5/1,0.28000572,5/2,0.3219626,2/1,Newmarket,13:45,2026-05-01,2,10.0,Darley EBF Maiden Fillies' Stakes (GBB/GBBPlus Race)
Wild Violet,Hector Crouch,,3,127,,0.16812077,5/1,0.28000572,5/2,0.3219626,2/1,Newmarket,13:45,2026-05-01,2,10.0,Darley EBF Maiden Fillies' Stakes (GBB/GBBPlus Race)
Ancient Egypt,Rowan Scott,93.0,3,128,117-,0.21904263,7/2,0.355893,2/1,0.40721187,3/2,Newmarket,14:20,2026-05-01,1,10.0,JCB Newmarket Stakes (Listed Race) (Colts & Geldings)
Archers Bay,Tom Marquand,93.0,3,128,8431-1,0.1797264,9/2,0.29766625,5/2,0.3418937,2/1,Newmarket,14:20,2026-05-01,1,10.0,JCB Newmarket Stakes (Listed Race) (Colts & Geldings)
Lyneham,David Egan,,3,128,21-,0.33274913,2/1,0.51037085,1/1,0.576979,1/2,Newmarket,14:20,2026-05-01,1,10.0,JCB Newmarket Stakes (Listed Race) (Colts & Geldings)
My Love Is King,Oisin Murphy,95.0,3,128,1-2,0.19447215,4/1,0.31979436,2/1,0.36679018,3/2,Newmarket,14:20,2026-05-01,1,10.0,JCB Newmarket Stakes (Listed Race) (Colts & Geldings)
Poseidons Warrior,Billy Loughnane,109.0,3,128,21-2,0.2891772,5/2,0.4536202,1/1,0.5152863,1/1,Newmarket,14:20,2026-05-01,1,10.0,JCB Newmarket Stakes (Listed Race) (Colts & Geldings)
Vincenzo Peruggia,David Egan,92.0,3,137,310-2,0.16624244,5/1,0.27712715,5/2,0.31870893,2/1,Newmarket,14:55,2026-05-01,3,8.0,"Betfred ""The Classic Bookmaker"" Handicap"
Zennor Storm,Tom Marquand,91.0,3,136,11-,0.15872768,11/2,0.26555425,3/1,0.3056142,5/2,Newmarket,14:55,2026-05-01,3,8.0,"Betfred ""The Classic Bookmaker"" Handicap"
Objector,Hector Crouch,90.0,3,135,1-1,0.16897501,5/1,0.28131297,5/2,0.32343972,2/1,Newmarket,14:55,2026-05-01,3,8.0,"Betfred ""The Classic Bookmaker"" Handicap"
Fort Rock,Connor Planas,90.0,3,135,11-,0.1685055,5/1,0.28059462,5/2,0.32262805,2/1,Newmarket,14:55,2026-05-01,3,8.0,"Betfred ""The Classic Bookmaker"" Handicap"
Elan dOr,Clifford Lee,89.0,3,134,02211-,0.11988686,15/2,0.20429805,4/1,0.23595226,3/1,Newmarket,14:55,2026-05-01,3,8.0,"Betfred ""The Classic Bookmaker"" Handicap"
Lake Como,Billy Loughnane,89.0,3,134,8211-3,0.14862527,11/2,0.24985391,3/1,0.28781465,5/2,Newmarket,14:55,2026-05-01,3,8.0,"Betfred ""The Classic Bookmaker"" Handicap"
St Anton,Joe Leavy,82.0,3,127,322-3,0.19297147,4/1,0.31755826,2/1,0.36427832,3/2,Newmarket,14:55,2026-05-01,3,8.0,"Betfred ""The Classic Bookmaker"" Handicap"
Comic Hero,Oisin Murphy,78.0,3,123,732-15,0.16541573,5/1,0.27585843,5/2,0.31727445,2/1,Newmarket,14:55,2026-05-01,3,8.0,"Betfred ""The Classic Bookmaker"" Handicap"
Royal Bodyguard,Silvestre De Sousa,71.0,3,116,33132-,0.12640162,7/1,0.21474102,7/2,0.2478683,3/1,Newmarket,14:55,2026-05-01,3,8.0,"Betfred ""The Classic Bookmaker"" Handicap"
Bay City Roller,Billy Loughnane,117.0,4,134,62241-,0.22564834,7/2,0.36543328,3/2,0.41785264,3/2,Newmarket,15:30,2026-05-01,1,12.0,Betfred Jockey Club Stakes (Group 2)
Eydon,Oisin Murphy,114.0,7,131,21410-,0.18389527,9/2,0.30395752,5/2,0.34898087,2/1,Newmarket,15:30,2026-05-01,1,12.0,Betfred Jockey Club Stakes (Group 2)
French Master,David Egan,108.0,5,131,21150-,0.17316212,5/1,0.28770372,5/2,0.33065683,2/1,Newmarket,15:30,2026-05-01,1,12.0,Betfred Jockey Club Stakes (Group 2)
Lions Pride,Benoit De La Sayette,110.0,6,131,615-64,0.22040492,7/2,0.3578662,2/1,0.40941417,3/2,Newmarket,15:30,2026-05-01,1,12.0,Betfred Jockey Club Stakes (Group 2)
Paradias,Hector Crouch,105.0,7,131,42-313,0.15595894,11/2,0.26126754,3/1,0.30075827,5/2,Newmarket,15:30,2026-05-01,1,12.0,Betfred Jockey Club Stakes (Group 2)
Sunway,Silvestre De Sousa,112.0,5,131,46-120,0.17597921,9/2,0.29198763,5/2,0.3354908,2/1,Newmarket,15:30,2026-05-01,1,12.0,Betfred Jockey Club Stakes (Group 2)
Santorini Star,Tom Marquand,107.0,5,128,44112-,0.20850986,4/1,0.34053665,2/1,0.39004672,3/2,Newmarket,15:30,2026-05-01,1,12.0,Betfred Jockey Club Stakes (Group 2)
Elarak,Tom Marquand,103.0,4,138,1761-4,0.14986008,11/2,0.2517817,3/1,0.29000232,5/2,Newmarket,16:05,2026-05-01,2,7.0,"Betfred ""Nifty 50"" Handicap"
Silver Ghost,David Egan,92.0,4,127,19066-,0.11735765,15/2,0.2002255,4/1,0.23130095,7/2,Newmarket,16:05,2026-05-01,2,7.0,"Betfred ""Nifty 50"" Handicap"
Billyjoh,Harry Davies,90.0,6,125,38638-,0.1300173,13/2,0.22050753,7/2,0.25444138,3/1,Newmarket,16:05,2026-05-01,2,7.0,"Betfred ""Nifty 50"" Handicap"
Misunderstood,Daniel Tudhope,90.0,4,125,09096-,0.21740957,7/2,0.35352367,2/1,0.40456647,3/2,Newmarket,16:05,2026-05-01,2,7.0,"Betfred ""Nifty 50"" Handicap"
Shah,Billy Loughnane,89.0,4,124,2221/,0.15206584,11/2,0.2552193,3/1,0.29390186,5/2,Newmarket,16:05,2026-05-01,2,7.0,"Betfred ""Nifty 50"" Handicap"
Leadman,Connor Planas,83.0,6,118,78U6-8,0.12804449,7/1,0.21736377,7/2,0.25085852,3/1,Newmarket,16:05,2026-05-01,2,7.0,"Betfred ""Nifty 50"" Handicap"
Golden Redemption,Silvestre De Sousa,82.0,4,117,3123-3,0.1316548,13/2,0.22311226,7/2,0.2574088,3/1,Newmarket,16:05,2026-05-01,2,7.0,"Betfred ""Nifty 50"" Handicap"
Benacre,Sean D Bowen,79.0,6,114,216035,0.12590678,7/1,0.21395019,7/2,0.24696647,3/1,Newmarket,16:05,2026-05-01,2,7.0,"Betfred ""Nifty 50"" Handicap"
Cerro Blanco,Billy Loughnane,,3,131,1,0.1864872,9/2,0.30785498,2/1,0.3533679,2/1,Newmarket,16:40,2026-05-01,1,7.0,Pertemps Network King Charles II Stakes (Listed Race)
Jel Pepper,Hector Crouch,99.0,3,131,3471-4,0.19834723,4/1,0.32555172,2/1,0.3732534,3/2,Newmarket,16:40,2026-05-01,1,7.0,Pertemps Network King Charles II Stakes (Listed Race)
Maximized,Connor Planas,98.0,3,131,55-323,0.17788045,9/2,0.29487166,5/2,0.33874336,2/1,Newmarket,16:40,2026-05-01,1,7.0,Pertemps Network King Charles II Stakes (Listed Race)
Saber Strike,Tom Marquand,,3,131,1-,0.2542712,3/1,0.4059651,3/2,0.4628503,1/1,Newmarket,16:40,2026-05-01,1,7.0,Pertemps Network King Charles II Stakes (Listed Race)
Stellar Sunrise,Oisin Murphy,103.0,3,131,3115-1,0.22311348,7/2,0.36178058,2/1,0.41378075,3/2,Newmarket,16:40,2026-05-01,1,7.0,Pertemps Network King Charles II Stakes (Listed Race)
Ellusive Butterfly,Clifford Lee,96.0,3,126,43-124,0.21133871,7/2,0.34467846,2/1,0.39468086,3/2,Newmarket,16:40,2026-05-01,1,7.0,Pertemps Network King Charles II Stakes (Listed Race)
Orchid,Billy Loughnane,87.0,4,142,/1754-,0.08627331,21/2,0.1493375,11/2,0.17298657,5/1,Newmarket,17:15,2026-05-01,3,6.0,Close Brothers Fillies' Handicap
Cinque Verde,Jack Doughty,83.0,6,138,0144-8,0.0755948,12/1,0.13149898,13/2,0.15246305,11/2,Newmarket,17:15,2026-05-01,3,6.0,Close Brothers Fillies' Handicap
Lady Roxby,Silvestre De Sousa,83.0,4,138,2022-3,0.07918385,23/2,0.13751486,13/2,0.15938899,11/2,Newmarket,17:15,2026-05-01,3,6.0,Close Brothers Fillies' Handicap
Powdering,Connor Planas,79.0,6,134,-69203,0.090038724,10/1,0.15558413,11/2,0.18016365,9/2,Newmarket,17:15,2026-05-01,3,6.0,Close Brothers Fillies' Handicap
Slay Queen,Joe Leavy,88.0,3,133,11075-,0.09771737,9/1,0.16825232,5/1,0.19470292,4/1,Newmarket,17:15,2026-05-01,3,6.0,Close Brothers Fillies' Handicap
Lady Kodiac,Clifford Lee,88.0,3,133,311-5,0.12509729,7/1,0.21265566,7/2,0.24549004,3/1,Newmarket,17:15,2026-05-01,3,6.0,Close Brothers Fillies' Handicap
Mercury Day,Jack Gilligan,78.0,5,133,7453-7,0.07299266,25/2,0.12712444,7/1,0.14742386,6/1,Newmarket,17:15,2026-05-01,3,6.0,Close Brothers Fillies' Handicap
Cuban Lady,Oisin Murphy,76.0,4,131,15236-,0.09543477,19/2,0.16449635,5/1,0.19039445,9/2,Newmarket,17:15,2026-05-01,3,6.0,Close Brothers Fillies' Handicap
Anaisa,David Allan,84.0,3,129,1309-4,0.08441578,11/1,0.14624758,6/1,0.1694345,5/1,Newmarket,17:15,2026-05-01,3,6.0,Close Brothers Fillies' Handicap
Angel Love,David Egan,83.0,3,128,231-,0.10957966,8/1,0.18763722,9/2,0.21690881,7/2,Newmarket,17:15,2026-05-01,3,6.0,Close Brothers Fillies' Handicap
Lightning Polka,Tom Marquand,83.0,3,128,1703-,0.08516746,21/2,0.14749864,6/1,0.17087282,5/1,Newmarket,17:15,2026-05-01,3,6.0,Close Brothers Fillies' Handicap
Paradise Walk,Hector Crouch,78.0,3,123,22-2,0.113311425,8/1,0.19368899,4/1,0.22383058,7/2,Newmarket,17:15,2026-05-01,3,6.0,Close Brothers Fillies' Handicap
Fantasy Obsessor,Harry Davies,68.0,4,123,6099-5,0.08007148,23/2,0.1389995,6/1,0.16109753,5/1,Newmarket,17:15,2026-05-01,3,6.0,Close Brothers Fillies' Handicap
A Bear Affair,Sean Levey,,2,133,1,0.26272514,3/1,0.4176857,3/2,0.4757959,1/1,Ascot,14:00,2026-05-01,2,5.0,Ascot Shop Royal Ascot Two-Year-Old Trial EBF Conditions Stakes (GBB Race)
Adaay Of Scarlett,James Doyle,,2,133,1,0.26272514,3/1,0.4176857,3/2,0.4757959,1/1,Ascot,14:00,2026-05-01,2,5.0,Ascot Shop Royal Ascot Two-Year-Old Trial EBF Conditions Stakes (GBB Race)
Crusherman,David Probert,,2,130,5,0.26272514,3/1,0.4176857,3/2,0.4757959,1/1,Ascot,14:00,2026-05-01,2,5.0,Ascot Shop Royal Ascot Two-Year-Old Trial EBF Conditions Stakes (GBB Race)
Dance A Jig,Rossa Ryan,,2,130,2,0.26272514,3/1,0.4176857,3/2,0.4757959,1/1,Ascot,14:00,2026-05-01,2,5.0,Ascot Shop Royal Ascot Two-Year-Old Trial EBF Conditions Stakes (GBB Race)
Caballo De Mar,William Buick,114.0,5,137,8117-2,0.15536462,11/2,0.2603458,3/1,0.29971373,5/2,Ascot,14:35,2026-05-01,1,16.0,Longines Sagaro Stakes (Group 3) (A Gold Cup Trial)
Sweet William,Robert Havlin,117.0,7,135,43212-,0.2085352,4/1,0.34057382,2/1,0.3900883,3/2,Ascot,14:35,2026-05-01,1,16.0,Longines Sagaro Stakes (Group 3) (A Gold Cup Trial)
Ascending,W J Lee,101.0,7,130,/1126-,0.1300278,13/2,0.22052427,7/2,0.25446045,3/1,Ascot,14:35,2026-05-01,1,16.0,Longines Sagaro Stakes (Group 3) (A Gold Cup Trial)
Beylerbeyi,Ryan Moore,101.0,6,130,1-3223,0.11947404,15/2,0.20363402,4/1,0.23519403,7/2,Ascot,14:35,2026-05-01,1,16.0,Longines Sagaro Stakes (Group 3) (A Gold Cup Trial)
Deira Mile,Dougie Costello,111.0,5,130,24/68-,0.17463249,9/2,0.28994128,5/2,0.33318207,2/1,Ascot,14:35,2026-05-01,1,16.0,Longines Sagaro Stakes (Group 3) (A Gold Cup Trial)
Dubai Future,David Probert,110.0,10,130,9366-8,0.13485362,13/2,0.22818811,7/2,0.26318854,3/1,Ascot,14:35,2026-05-01,1,16.0,Longines Sagaro Stakes (Group 3) (A Gold Cup Trial)
Tabletalk,Rossa Ryan,113.0,5,130,2632-2,0.16976921,5/1,0.28252733,5/2,0.3248116,2/1,Ascot,14:35,2026-05-01,1,16.0,Longines Sagaro Stakes (Group 3) (A Gold Cup Trial)
Tarriance,Colin Keane,105.0,4,129,2117-3,0.15429719,11/2,0.25868884,3/1,0.2978357,5/2,Ascot,14:35,2026-05-01,1,16.0,Longines Sagaro Stakes (Group 3) (A Gold Cup Trial)
Miss Alpilles,Kieran Shoemark,98.0,5,127,50211-,0.12644584,7/1,0.21481168,7/2,0.24794887,3/1,Ascot,14:35,2026-05-01,1,16.0,Longines Sagaro Stakes (Group 3) (A Gold Cup Trial)
Wise Approach,William Buick,115.0,3,133,42131-,0.18078458,9/2,0.2992658,5/2,0.34369627,2/1,Ascot,15:10,2026-05-01,1,6.0,Commonwealth Cup Trial Stakes (Registered As The Pavilion Stakes) (Group 3)
Ardisia,David Probert,106.0,3,129,1127-7,0.17035444,5/1,0.2834215,5/2,0.32582164,2/1,Ascot,15:10,2026-05-01,1,6.0,Commonwealth Cup Trial Stakes (Registered As The Pavilion Stakes) (Group 3)
Brussels,Ryan Moore,110.0,3,129,24222-,0.19705564,4/1,0.3236354,2/1,0.3711028,3/2,Ascot,15:10,2026-05-01,1,6.0,Commonwealth Cup Trial Stakes (Registered As The Pavilion Stakes) (Group 3)
Coppull,Rossa Ryan,110.0,3,129,13153-,0.19722088,4/1,0.32388073,2/1,0.37137818,3/2,Ascot,15:10,2026-05-01,1,6.0,Commonwealth Cup Trial Stakes (Registered As The Pavilion Stakes) (Group 3)
Crown Relic,Shane Foley,99.0,3,129,115,0.15238014,11/2,0.2557085,3/1,0.2944566,5/2,Ascot,15:10,2026-05-01,1,6.0,Commonwealth Cup Trial Stakes (Registered As The Pavilion Stakes) (Group 3)
Division,James Doyle,103.0,3,129,21115-,0.15995182,11/2,0.26744562,5/2,0.3077558,2/1,Ascot,15:10,2026-05-01,1,6.0,Commonwealth Cup Trial Stakes (Registered As The Pavilion Stakes) (Group 3)
Ghost Mode,Colin Keane,98.0,3,129,3212-1,0.15263216,11/2,0.25610062,3/1,0.2949013,5/2,Ascot,15:10,2026-05-01,1,6.0,Commonwealth Cup Trial Stakes (Registered As The Pavilion Stakes) (Group 3)
Midnight Tango,Kieran Shoemark,96.0,3,126,24460-,0.14503932,6/1,0.24424165,3/1,0.28144252,5/2,Ascot,15:10,2026-05-01,1,6.0,Commonwealth Cup Trial Stakes (Registered As The Pavilion Stakes) (Group 3)
Chancellor,Robert Havlin,109.0,4,134,12-125,0.18452981,9/2,0.3049127,5/2,0.35005626,2/1,Ascot,15:45,2026-05-01,1,8.0,Memberships At Ascot Paradise Stakes (Listed Race) (A Queen Anne Stakes Trial)
Holloway Boy,William Buick,112.0,6,134,1-5323,0.16700117,5/1,0.2782906,5/2,0.32002413,2/1,Ascot,15:45,2026-05-01,1,8.0,Memberships At Ascot Paradise Stakes (Listed Race) (A Queen Anne Stakes Trial)
Naqeeb,Ryan Sexton,110.0,6,134,38281-,0.1712731,5/1,0.284824,5/2,0.3274056,2/1,Ascot,15:45,2026-05-01,1,8.0,Memberships At Ascot Paradise Stakes (Listed Race) (A Queen Anne Stakes Trial)
Remmooz,Callum Rodriguez,109.0,4,134,14131-,0.15921433,11/2,0.26630643,3/1,0.30646598,5/2,Ascot,15:45,2026-05-01,1,8.0,Memberships At Ascot Paradise Stakes (Listed Race) (A Queen Anne Stakes Trial)
Bowmark,Ryan Moore,103.0,4,131,/2108-,0.15798561,11/2,0.26440653,3/1,0.30431437,5/2,Ascot,15:45,2026-05-01,1,8.0,Memberships At Ascot Paradise Stakes (Listed Race) (A Queen Anne Stakes Trial)
Jonquil,Colin Keane,113.0,4,131,5149-7,0.16470762,5/1,0.27477083,5/2,0.31604454,2/1,Ascot,15:45,2026-05-01,1,8.0,Memberships At Ascot Paradise Stakes (Listed Race) (A Queen Anne Stakes Trial)
La Botte,Jamie Spencer,104.0,4,131,142-40,0.14393163,6/1,0.24250388,3/1,0.27946848,5/2,Ascot,15:45,2026-05-01,1,8.0,Memberships At Ascot Paradise Stakes (Listed Race) (A Queen Anne Stakes Trial)
Rashabar,James Doyle,112.0,4,131,42240-,0.19691317,4/1,0.32342386,2/1,0.37086537,3/2,Ascot,15:45,2026-05-01,1,8.0,Memberships At Ascot Paradise Stakes (Listed Race) (A Queen Anne Stakes Trial)
Seacruiser,Rossa Ryan,100.0,4,131,51/3,0.15366107,11/2,0.25770056,3/1,0.29671538,5/2,Ascot,15:45,2026-05-01,1,8.0,Memberships At Ascot Paradise Stakes (Listed Race) (A Queen Anne Stakes Trial)
All Ways Glamorous,Gina Mangan,86.0,5,136,52227-,0.078838006,23/2,0.13693607,13/2,0.15872285,11/2,Ascot,16:20,2026-05-01,4,5.0,Naas Racecourse Handicap
Gallant,Jamie Spencer,86.0,4,136,60-626,0.06849849,27/2,0.11954366,15/2,0.1386856,6/1,Ascot,16:20,2026-05-01,4,5.0,Naas Racecourse Handicap
Artagnan,Harry Vigors,86.0,4,136,6613-2,0.07000885,27/2,0.122094944,7/1,0.14162722,6/1,Ascot,16:20,2026-05-01,4,5.0,Naas Racecourse Handicap
Duran,Faye McManoman,84.0,5,134,3420-5,0.063291274,15/1,0.110719666,8/1,0.12850532,7/1,Ascot,16:20,2026-05-01,4,5.0,Naas Racecourse Handicap
Emperor Spirit,Darragh Keenan,83.0,8,133,03830-,0.06295693,15/1,0.11015162,8/1,0.12784962,7/1,Ascot,16:20,2026-05-01,4,5.0,Naas Racecourse Handicap
Lethal Nymph,Colin Keane,83.0,7,133,383-26,0.07245987,13/1,0.12622742,7/1,0.14639026,6/1,Ascot,16:20,2026-05-01,4,5.0,Naas Racecourse Handicap
Kings Call,Dale Swift,82.0,4,132,08000-,0.061138198,31/2,0.10705845,17/2,0.124278545,7/1,Ascot,16:20,2026-05-01,4,5.0,Naas Racecourse Handicap
Another Abbot,Cieren Fallon,82.0,4,132,61004-,0.06520784,29/2,0.11397246,8/1,0.13225919,13/2,Ascot,16:20,2026-05-01,4,5.0,Naas Racecourse Handicap
Mesaafi,Jack Mitchell,79.0,5,129,344-08,0.06427184,29/2,0.11238462,8/1,0.13042691,13/2,Ascot,16:20,2026-05-01,4,5.0,Naas Racecourse Handicap
Far Above The Law,David Probert,78.0,4,128,5784-3,0.068509094,27/2,0.119561575,15/2,0.13870625,6/1,Ascot,16:20,2026-05-01,4,5.0,Naas Racecourse Handicap
Pixie Diva,Ryan Moore,78.0,4,128,27-612,0.08060402,23/2,0.13988963,6/1,0.16212173,5/1,Ascot,16:20,2026-05-01,4,5.0,Naas Racecourse Handicap
El Bufalo,Robert Havlin,77.0,5,127,21-125,0.062963754,15/1,0.11016321,8/1,0.127863,7/1,Ascot,16:20,2026-05-01,4,5.0,Naas Racecourse Handicap
Combustion,Joey Haynes,77.0,5,127,3-1112,0.0823557,11/1,0.1428143,6/1,0.16548626,5/1,Ascot,16:20,2026-05-01,4,5.0,Naas Racecourse Handicap
Hockney,Pierre-Louis Jamin,77.0,4,127,7511-9,0.06331423,15/1,0.11075866,8/1,0.12855032,7/1,Ascot,16:20,2026-05-01,4,5.0,Naas Racecourse Handicap
Existent,Rossa Ryan,77.0,8,127,20-184,0.072611175,13/1,0.12648222,7/1,0.14668386,6/1,Ascot,16:20,2026-05-01,4,5.0,Naas Racecourse Handicap
Sams Hope,Kieran Shoemark,76.0,6,126,115927,0.06851831,27/2,0.119577155,15/2,0.13872422,6/1,Ascot,16:20,2026-05-01,4,5.0,Naas Racecourse Handicap
Rage Of Thunder,Toby Moore,75.0,4,125,51222-,0.07008099,27/2,0.1222167,7/1,0.14176759,6/1,Ascot,16:20,2026-05-01,4,5.0,Naas Racecourse Handicap
Gesayed,William Buick,77.0,3,134,1-3,0.16173059,5/1,0.27018964,5/2,0.3108618,2/1,Ascot,16:55,2026-05-01,2,8.0,Darley British EBF Fillies' Novice Stakes (GBB Race)
So Regal,Ryan Moore,,3,134,3-1,0.2381818,3/1,0.38334277,3/2,0.43777815,3/2,Ascot,16:55,2026-05-01,2,8.0,Darley British EBF Fillies' Novice Stakes (GBB Race)
Annastarzy,Alec Voikhansky,75.0,3,128,644-,0.1717732,5/1,0.28558692,5/2,0.32826707,2/1,Ascot,16:55,2026-05-01,2,8.0,Darley British EBF Fillies' Novice Stakes (GBB Race)
Crownright,Colin Keane,,3,128,3-,0.21706656,7/2,0.3530255,2/1,0.4040101,3/2,Ascot,16:55,2026-05-01,2,8.0,Darley British EBF Fillies' Novice Stakes (GBB Race)
Light Dreamer,Sean Levey,,3,128,25,0.16812077,5/1,0.28000572,5/2,0.3219626,2/1,Ascot,16:55,2026-05-01,2,8.0,Darley British EBF Fillies' Novice Stakes (GBB Race)
Lyrics Of Life,Rossa Ryan,90.0,3,128,5225-2,0.18893199,9/2,0.31152135,2/1,0.35749236,2/1,Ascot,16:55,2026-05-01,2,8.0,Darley British EBF Fillies' Novice Stakes (GBB Race)
Machadadorp,James Doyle,,3,125,,0.16812077,5/1,0.28000572,5/2,0.3219626,2/1,Ascot,16:55,2026-05-01,2,8.0,Darley British EBF Fillies' Novice Stakes (GBB Race)
Storm Star,Alfie Redman,95.0,5,140,13-660,0.11530067,15/2,0.19690582,4/1,0.22750776,7/2,Ascot,17:30,2026-05-01,3,8.0,Ascot Racecourse Supports Debra Manny Mercer Apprentice Handicap
Greek Order,Taryn Langley,93.0,6,138,4000-0,0.09886049,9/1,0.17013016,5/1,0.19685629,4/1,Ascot,17:30,2026-05-01,3,8.0,Ascot Racecourse Supports Debra Manny Mercer Apprentice Handicap
Colombier,Harry Vigors,93.0,6,138,114/9-,0.14039804,6/1,0.23694718,3/1,0.27315313,5/2,Ascot,17:30,2026-05-01,3,8.0,Ascot Racecourse Supports Debra Manny Mercer Apprentice Handicap
Dosman,Jack Dace,92.0,5,137,-32124,0.08634183,21/2,0.14945136,11/2,0.17311743,5/1,Ascot,17:30,2026-05-01,3,8.0,Ascot Racecourse Supports Debra Manny Mercer Apprentice Handicap
Angel Hunter,Alec Voikhansky,92.0,4,137,10-081,0.09039567,10/1,0.1561751,11/2,0.1808424,9/2,Ascot,17:30,2026-05-01,3,8.0,Ascot Racecourse Supports Debra Manny Mercer Apprentice Handicap
Tilted Kilt,Taylor Fisher,87.0,4,132,3028-1,0.086277865,21/2,0.14934507,11/2,0.17299527,5/1,Ascot,17:30,2026-05-01,3,8.0,Ascot Racecourse Supports Debra Manny Mercer Apprentice Handicap
Saytarr,Jack Callan,86.0,4,131,66-111,0.09092017,10/1,0.15704313,11/2,0.18183924,9/2,Ascot,17:30,2026-05-01,3,8.0,Ascot Racecourse Supports Debra Manny Mercer Apprentice Handicap
Herculeus,Ryan Kavanagh,84.0,4,129,14100-,0.10769436,17/2,0.18457139,9/2,0.21340027,7/2,Ascot,17:30,2026-05-01,3,8.0,Ascot Racecourse Supports Debra Manny Mercer Apprentice Handicap
Dapper Guest,Harry Burns,84.0,4,129,0149-0,0.0939125,19/2,0.16198686,5/1,0.18751474,9/2,Ascot,17:30,2026-05-01,3,8.0,Ascot Racecourse Supports Debra Manny Mercer Apprentice Handicap
Dingle,Christian Howarth,82.0,8,127,02-173,0.09724238,19/2,0.16747142,5/1,0.19380732,4/1,Ascot,17:30,2026-05-01,3,8.0,Ascot Racecourse Supports Debra Manny Mercer Apprentice Handicap
Joolianoss,Tom Kiely-Marshall,77.0,5,122,1195-2,0.09856536,9/1,0.16964555,5/1,0.19630063,4/1,Ascot,17:30,2026-05-01,3,8.0,Ascot Racecourse Supports Debra Manny Mercer Apprentice Handicap
Ballisty,Lewis Edmunds,,2,133,,0.1665433,5/1,0.2775886,5/2,0.3192306,2/1,Goodwood,14:05,2026-05-01,2,5.0,Racing To School Celebrating 25 Years EBF Restricted Novice Stakes (EBF Qual)(C/D)(GBB Race)
Belardo Ace,NON-RUNNER,,2,133,,0.1665433,5/1,0.2775886,5/2,0.3192306,2/1,Goodwood,14:05,2026-05-01,2,5.0,Racing To School Celebrating 25 Years EBF Restricted Novice Stakes (EBF Qual)(C/D)(GBB Race)
Harry Knows,Finley Marsh,,2,133,2,0.1665433,5/1,0.2775886,5/2,0.3192306,2/1,Goodwood,14:05,2026-05-01,2,5.0,Racing To School Celebrating 25 Years EBF Restricted Novice Stakes (EBF Qual)(C/D)(GBB Race)
Moriarty Moon,Saffie Osborne,,2,133,,0.1665433,5/1,0.2775886,5/2,0.3192306,2/1,Goodwood,14:05,2026-05-01,2,5.0,Racing To School Celebrating 25 Years EBF Restricted Novice Stakes (EBF Qual)(C/D)(GBB Race)
Super Tuscan,Charles Bishop,,2,133,,0.1665433,5/1,0.2775886,5/2,0.3192306,2/1,Goodwood,14:05,2026-05-01,2,5.0,Racing To School Celebrating 25 Years EBF Restricted Novice Stakes (EBF Qual)(C/D)(GBB Race)
Rollthedicebaby,Sam Hitchcott,,2,128,,0.1665433,5/1,0.2775886,5/2,0.3192306,2/1,Goodwood,14:05,2026-05-01,2,5.0,Racing To School Celebrating 25 Years EBF Restricted Novice Stakes (EBF Qual)(C/D)(GBB Race)
Armor Supreme,Hollie Doyle,,2,125,,0.1665433,5/1,0.2775886,5/2,0.3192306,2/1,Goodwood,14:05,2026-05-01,2,5.0,Racing To School Celebrating 25 Years EBF Restricted Novice Stakes (EBF Qual)(C/D)(GBB Race)
Allegresse,Rob Hornby,93.0,3,132,2117-,0.30411798,5/2,0.47342217,1/1,0.53691125,1/1,Goodwood,14:40,2026-05-01,2,8.0,British Stallion Studs John Dunlop EBF Conditions Stakes (GBB Race)
Pacific Avenue,Saffie Osborne,104.0,3,132,471-32,0.3217026,2/1,0.49627066,1/1,0.56173366,1/1,Goodwood,14:40,2026-05-01,2,8.0,British Stallion Studs John Dunlop EBF Conditions Stakes (GBB Race)
Pathein,Daniel Muscutt,103.0,3,132,15-,0.330175,2/1,0.5071026,1/1,0.57345045,1/2,Goodwood,14:40,2026-05-01,2,8.0,British Stallion Studs John Dunlop EBF Conditions Stakes (GBB Race)
Protection Act,Pat Cosgrave,,3,128,1-,0.3555187,2/1,0.53881884,1/1,0.6075564,1/2,Goodwood,14:40,2026-05-01,2,8.0,British Stallion Studs John Dunlop EBF Conditions Stakes (GBB Race)
Democracy Dilemma,Daniel Muscutt,104.0,6,135,613-30,0.10357033,17/2,0.17784514,9/2,0.20569819,4/1,Goodwood,15:15,2026-05-01,2,5.0,Fitzdares Official Partner Of Goodwood Racecourse Handicap
Spartan Arrow,Hollie Doyle,100.0,6,131,1-7880,0.09298199,10/1,0.16045105,5/1,0.18575196,9/2,Goodwood,15:15,2026-05-01,2,5.0,Fitzdares Official Partner Of Goodwood Racecourse Handicap
Clearpoint,Alistair Rawlinson,100.0,6,131,112-22,0.099898115,9/1,0.17183289,5/1,0.19880843,4/1,Goodwood,15:15,2026-05-01,2,5.0,Fitzdares Official Partner Of Goodwood Racecourse Handicap
Fandom,Tyrese Cameron,98.0,5,129,590-22,0.09861092,9/1,0.16972037,5/1,0.19638641,4/1,Goodwood,15:15,2026-05-01,2,5.0,Fitzdares Official Partner Of Goodwood Racecourse Handicap
Rogue Enforcer,Ashley Lewis,98.0,5,129,81921-,0.10673961,17/2,0.18301663,9/2,0.21162051,7/2,Goodwood,15:15,2026-05-01,2,5.0,Fitzdares Official Partner Of Goodwood Racecourse Handicap
Trefor,Charles Bishop,98.0,5,129,13210-,0.11067131,8/1,0.18940985,9/2,0.2189368,7/2,Goodwood,15:15,2026-05-01,2,5.0,Fitzdares Official Partner Of Goodwood Racecourse Handicap
Tropical Storm,Rob Hornby,95.0,4,126,0009-8,0.07727336,12/1,0.13431512,13/2,0.15570578,11/2,Goodwood,15:15,2026-05-01,2,5.0,Fitzdares Official Partner Of Goodwood Racecourse Handicap
Rosario,Lewis Edmunds,92.0,5,123,3203-6,0.08821009,21/2,0.15255335,11/2,0.17668207,9/2,Goodwood,15:15,2026-05-01,2,5.0,Fitzdares Official Partner Of Goodwood Racecourse Handicap
King Of Light,Jason Watson,91.0,4,122,79014-,0.090106934,10/1,0.15569708,11/2,0.18029338,9/2,Goodwood,15:15,2026-05-01,2,5.0,Fitzdares Official Partner Of Goodwood Racecourse Handicap
Lexington Blitz,Edward Greatrex,88.0,4,119,2219-3,0.11679782,15/2,0.1993227,4/1,0.23026952,7/2,Goodwood,15:15,2026-05-01,2,5.0,Fitzdares Official Partner Of Goodwood Racecourse Handicap
Rhythm N Hooves,Saffie Osborne,88.0,6,119,35-445,0.10735778,17/2,0.18402344,9/2,0.21277307,7/2,Goodwood,15:15,2026-05-01,2,5.0,Fitzdares Official Partner Of Goodwood Racecourse Handicap
Ryka,Jason Watson,97.0,4,131,10121-,0.11328623,8/1,0.19364819,4/1,0.22378393,7/2,Goodwood,15:50,2026-05-01,1,12.0,British Stallion Studs EBF Daisy Warwick Fillies' Stakes (Listed Race) (GBBPlus Race)
Coedana,Saffie Osborne,88.0,4,128,23113-,0.11815397,15/2,0.20150885,4/1,0.23276693,7/2,Goodwood,15:50,2026-05-01,1,12.0,British Stallion Studs EBF Daisy Warwick Fillies' Stakes (Listed Race) (GBBPlus Race)
Crepe Suzette,Tyler Heard,103.0,4,128,12223-,0.14472845,6/1,0.24375415,3/1,0.2808888,5/2,Goodwood,15:50,2026-05-01,1,12.0,British Stallion Studs EBF Daisy Warwick Fillies' Stakes (Listed Race) (GBBPlus Race)
Crystal Flyer,Charles Bishop,93.0,5,128,38568-,0.113454565,8/1,0.19392067,4/1,0.22409546,7/2,Goodwood,15:50,2026-05-01,1,12.0,British Stallion Studs EBF Daisy Warwick Fillies' Stakes (Listed Race) (GBBPlus Race)
Galaxy Star,Hollie Doyle,,4,128,1,0.12995318,13/2,0.22040546,7/2,0.25432506,3/1,Goodwood,15:50,2026-05-01,1,12.0,British Stallion Studs EBF Daisy Warwick Fillies' Stakes (Listed Race) (GBBPlus Race)
Incensed,Rob Hornby,89.0,5,128,1429-2,0.10259267,17/2,0.1762466,9/2,0.20386682,4/1,Goodwood,15:50,2026-05-01,1,12.0,British Stallion Studs EBF Daisy Warwick Fillies' Stakes (Listed Race) (GBBPlus Race)
Kissmehoneyhoney,Daniel Muscutt,,4,128,1-,0.15903838,11/2,0.2660345,3/1,0.30615807,5/2,Goodwood,15:50,2026-05-01,1,12.0,British Stallion Studs EBF Daisy Warwick Fillies' Stakes (Listed Race) (GBBPlus Race)
Miss Wong,Ray Dawson,86.0,4,128,41128-,0.13757321,13/2,0.23249067,7/2,0.26808473,5/2,Goodwood,15:50,2026-05-01,1,12.0,British Stallion Studs EBF Daisy Warwick Fillies' Stakes (Listed Race) (GBBPlus Race)
Tattycoram,Edward Greatrex,89.0,4,128,14335-,0.113288045,8/1,0.19365114,4/1,0.2237873,7/2,Goodwood,15:50,2026-05-01,1,12.0,British Stallion Studs EBF Daisy Warwick Fillies' Stakes (Listed Race) (GBBPlus Race)
Evening Saigon,George Wood,92.0,4,137,2/10-1,0.12167401,7/1,0.20716956,4/1,0.2392304,3/1,Goodwood,16:25,2026-05-01,3,6.0,Fitzdares Offer Top Prices At Goodwood Handicap
Far Above Dream,Hollie Doyle,89.0,4,134,36101-,0.112525,8/1,0.1924155,4/1,0.22237444,7/2,Goodwood,16:25,2026-05-01,3,6.0,Fitzdares Offer Top Prices At Goodwood Handicap
Moving Force,Ray Dawson,89.0,4,134,28650/,0.11203244,8/1,0.1916174,4/1,0.22146176,7/2,Goodwood,16:25,2026-05-01,3,6.0,Fitzdares Offer Top Prices At Goodwood Handicap
Uncle Don,Jason Watson,87.0,4,132,3647-2,0.10608889,17/2,0.18195611,9/2,0.21040632,4/1,Goodwood,16:25,2026-05-01,3,6.0,Fitzdares Offer Top Prices At Goodwood Handicap
Dr Strangelove,Daniel Muscutt,87.0,4,132,2017-4,0.13671492,13/2,0.23113409,7/2,0.26654127,3/1,Goodwood,16:25,2026-05-01,3,6.0,Fitzdares Offer Top Prices At Goodwood Handicap
Many A Star,Saffie Osborne,86.0,9,131,1524-1,0.11476411,15/2,0.19603875,4/1,0.22651675,7/2,Goodwood,16:25,2026-05-01,3,6.0,Fitzdares Offer Top Prices At Goodwood Handicap
Diligently,Rob Hornby,86.0,4,131,0912-4,0.12538512,7/1,0.21311608,7/2,0.24601519,3/1,Goodwood,16:25,2026-05-01,3,6.0,Fitzdares Offer Top Prices At Goodwood Handicap
Kiss And Run,Kieran ONeill,73.0,5,118,40223-,0.11131273,8/1,0.19045049,9/2,0.22012715,7/2,Goodwood,16:25,2026-05-01,3,6.0,Fitzdares Offer Top Prices At Goodwood Handicap
Spring Bloom,Tyler Heard,71.0,9,116,5737-2,0.10506911,17/2,0.18029279,9/2,0.20850167,4/1,Goodwood,16:25,2026-05-01,3,6.0,Fitzdares Offer Top Prices At Goodwood Handicap
Bridge Of Eagles,Jason Watson,75.0,3,135,536-,0.17078598,5/1,0.28408048,5/2,0.32656592,2/1,Goodwood,17:00,2026-05-01,5,10.0,Fitzdares Dedicated Personal Betting Service Handicap
Veritable,Luke Catton,74.0,3,134,032-,0.17398763,9/2,0.28896037,5/2,0.33207515,2/1,Goodwood,17:00,2026-05-01,5,10.0,Fitzdares Dedicated Personal Betting Service Handicap
Too Hot To Tango,Rob Hornby,72.0,3,132,32-323,0.14071529,6/1,0.23744687,3/1,0.27372122,5/2,Goodwood,17:00,2026-05-01,5,10.0,Fitzdares Dedicated Personal Betting Service Handicap
Kokoluna,Charles Bishop,72.0,3,132,624-1,0.18102008,9/2,0.29962152,5/2,0.34409708,2/1,Goodwood,17:00,2026-05-01,5,10.0,Fitzdares Dedicated Personal Betting Service Handicap
Lux Aeterna,Daniel Muscutt,71.0,3,131,678-1,0.14734356,6/1,0.2478503,3/1,0.28554034,5/2,Goodwood,17:00,2026-05-01,5,10.0,Fitzdares Dedicated Personal Betting Service Handicap
Morbeh,Ray Dawson,71.0,3,131,905-14,0.13702174,13/2,0.23161915,7/2,0.26709318,5/2,Goodwood,17:00,2026-05-01,5,10.0,Fitzdares Dedicated Personal Betting Service Handicap
Foothold,Lewis Edmunds,64.0,3,124,5-2254,0.14180265,6/1,0.23915839,3/1,0.2756668,5/2,Goodwood,17:00,2026-05-01,5,10.0,Fitzdares Dedicated Personal Betting Service Handicap
Scarlet Moon,Hollie Doyle,82.0,4,137,19714-,0.13269633,13/2,0.22476675,7/2,0.25929314,3/1,Goodwood,17:35,2026-05-01,4,14.0,Track Radio Launches On Monday Handicap (GBBPlus Race)
Gallivanted,Rob Hornby,80.0,4,135,73/1-3,0.135637,13/2,0.22942868,7/2,0.26460057,3/1,Goodwood,17:35,2026-05-01,4,14.0,Track Radio Launches On Monday Handicap (GBBPlus Race)
Cruden,Jason Watson,77.0,5,132,08/2-5,0.12636037,7/1,0.21467511,7/2,0.24779314,3/1,Goodwood,17:35,2026-05-01,4,14.0,Track Radio Launches On Monday Handicap (GBBPlus Race)
Arcturus Flame,Finley Marsh,77.0,4,132,263-35,0.1036264,17/2,0.17793679,9/2,0.20580319,4/1,Goodwood,17:35,2026-05-01,4,14.0,Track Radio Launches On Monday Handicap (GBBPlus Race)
Diamond Bay,Daniel Muscutt,73.0,8,128,243-06,0.11334353,8/1,0.19374095,4/1,0.22388998,7/2,Goodwood,17:35,2026-05-01,4,14.0,Track Radio Launches On Monday Handicap (GBBPlus Race)
Autumns Breeze,Ashley Lewis,73.0,5,128,11739-,0.10230921,9/1,0.17578283,9/2,0.20333543,4/1,Goodwood,17:35,2026-05-01,4,14.0,Track Radio Launches On Monday Handicap (GBBPlus Race)
Market House,Mason Paetel,70.0,6,125,5-5323,0.11665314,15/2,0.19908929,4/1,0.23000285,7/2,Goodwood,17:35,2026-05-01,4,14.0,Track Radio Launches On Monday Handicap (GBBPlus Race)
Golden Garden,Edward Greatrex,70.0,4,125,84314-,0.09617592,19/2,0.1657168,5/1,0.19179463,4/1,Goodwood,17:35,2026-05-01,4,14.0,Track Radio Launches On Monday Handicap (GBBPlus Race)
Peking Opera,Rhys Clutterbuck,70.0,6,125,577/77,0.085815795,21/2,0.14857695,11/2,0.17211238,5/1,Goodwood,17:35,2026-05-01,4,14.0,Track Radio Launches On Monday Handicap (GBBPlus Race)
Fair Dinkum,Kieran ONeill,69.0,6,124,1120-8,0.09440653,19/2,0.16280168,5/1,0.18844986,9/2,Goodwood,17:35,2026-05-01,4,14.0,Track Radio Launches On Monday Handicap (GBBPlus Race)
Skirt Around,Cam Hardie,65.0,3,135,643-,0.16115516,5/1,0.26930252,5/2,0.3098578,2/1,Newcastle (AW),16:45,2026-05-01,6,10.0,Quaff Box Handicap
Central Command,Paul Mulrennan,64.0,3,134,755-,0.15058702,11/2,0.25291547,3/1,0.29128864,5/2,Newcastle (AW),16:45,2026-05-01,6,10.0,Quaff Box Handicap
Ballon Rouge,P J McDonald,57.0,3,127,486-6,0.15605113,11/2,0.26141047,3/1,0.30092022,5/2,Newcastle (AW),16:45,2026-05-01,6,10.0,Quaff Box Handicap
Sweet Love,Andrew Mullen,56.0,3,126,557-65,0.1193575,15/2,0.20344654,4/1,0.23497993,7/2,Newcastle (AW),16:45,2026-05-01,6,10.0,Quaff Box Handicap
Steel Fixer,Ben Robinson,55.0,3,125,096-74,0.1250104,7/1,0.21251664,7/2,0.24533148,3/1,Newcastle (AW),16:45,2026-05-01,6,10.0,Quaff Box Handicap
Regal Knight,Barry McHugh,52.0,3,122,078-,0.14383435,6/1,0.24235117,3/1,0.279295,5/2,Newcastle (AW),16:45,2026-05-01,6,10.0,Quaff Box Handicap
Fallacious Promise,Luke Morris,50.0,3,120,905-92,0.10654262,17/2,0.18269566,9/2,0.21125305,7/2,Newcastle (AW),16:45,2026-05-01,6,10.0,Quaff Box Handicap
Project Kinsman,Aiden Brookes,49.0,3,119,98-82,0.13837427,6/1,0.23375574,7/2,0.2695238,5/2,Newcastle (AW),16:45,2026-05-01,6,10.0,Quaff Box Handicap
Sound Janet,Dylan Hogan,75.0,4,135,35225-,0.11103865,8/1,0.1900059,9/2,0.21961862,7/2,Newcastle (AW),17:20,2026-05-01,5,10.0,Get Your Free Bets @ freebets.com Handicap
Mao Shang Wong,Mark Winn,75.0,4,135,471104,0.09618252,19/2,0.16572767,5/1,0.1918071,4/1,Newcastle (AW),17:20,2026-05-01,5,10.0,Get Your Free Bets @ freebets.com Handicap
Sea The Light,Luke Morris,75.0,4,135,19666-,0.09435511,19/2,0.1627169,5/1,0.18835256,9/2,Newcastle (AW),17:20,2026-05-01,5,10.0,Get Your Free Bets @ freebets.com Handicap
Say What You See,Billy Garritty,75.0,4,135,21D1-35,0.0889191,10/1,0.15372911,11/2,0.17803286,9/2,Newcastle (AW),17:20,2026-05-01,5,10.0,Get Your Free Bets @ freebets.com Handicap
Free Speech,Oisin Orr,74.0,5,134,67293-,0.08212334,11/1,0.14242661,6/1,0.16504034,5/1,Newcastle (AW),17:20,2026-05-01,5,10.0,Get Your Free Bets @ freebets.com Handicap
Haveyoumissedme,Andrew Mullen,73.0,8,133,6-3527,0.08510122,11/1,0.14738841,6/1,0.17074612,5/1,Newcastle (AW),17:20,2026-05-01,5,10.0,Get Your Free Bets @ freebets.com Handicap
King Of Fury,Sean Kirrane,73.0,6,133,626-76,0.08421363,11/1,0.145911,6/1,0.1690475,5/1,Newcastle (AW),17:20,2026-05-01,5,10.0,Get Your Free Bets @ freebets.com Handicap
Jujubella,Paul Mulrennan,71.0,5,131,65776-,0.080832966,23/2,0.14027217,6/1,0.16256186,5/1,Newcastle (AW),17:20,2026-05-01,5,10.0,Get Your Free Bets @ freebets.com Handicap
Natzor,David Nolan,70.0,6,130,8000-4,0.07196446,13/1,0.12539291,7/1,0.14542858,6/1,Newcastle (AW),17:20,2026-05-01,5,10.0,Get Your Free Bets @ freebets.com Handicap
Sure And Stedfast,Aiden Brookes,68.0,4,128,36182-,0.0807887,23/2,0.1401982,6/1,0.16247676,5/1,Newcastle (AW),17:20,2026-05-01,5,10.0,Get Your Free Bets @ freebets.com Handicap
Star Cast,Joanna Mason,62.0,4,122,137163,0.07807911,12/1,0.13566533,13/2,0.15726015,11/2,Newcastle (AW),17:20,2026-05-01,5,10.0,Get Your Free Bets @ freebets.com Handicap
Jack Sparowe,P J McDonald,62.0,7,122,-99356,0.07992743,23/2,0.13875866,6/1,0.16082036,5/1,Newcastle (AW),17:20,2026-05-01,5,10.0,Get Your Free Bets @ freebets.com Handicap
The Cursor,P J McDonald,87.0,4,137,/2701-,0.17012997,5/1,0.28307858,5/2,0.32543433,2/1,Newcastle (AW),17:53,2026-05-01,4,12.5,Roflow Dust & Fume Lev Systems Handicap (GBBPlus Race)
New York Minute,Paul Mulrennan,85.0,4,135,112-83,0.18629196,9/2,0.30756178,5/2,0.35303795,2/1,Newcastle (AW),17:53,2026-05-01,4,12.5,Roflow Dust & Fume Lev Systems Handicap (GBBPlus Race)
Machete,Ben Robinson,82.0,7,132,-26436,0.18940505,9/2,0.3122297,2/1,0.35828894,2/1,Newcastle (AW),17:53,2026-05-01,4,12.5,Roflow Dust & Fume Lev Systems Handicap (GBBPlus Race)
Ludos Landing,Andrew Mullen,78.0,6,128,3-5510,0.17729431,9/2,0.29398316,5/2,0.33774146,2/1,Newcastle (AW),17:53,2026-05-01,4,12.5,Roflow Dust & Fume Lev Systems Handicap (GBBPlus Race)
Melinda,Lexie Clarkson,66.0,5,116,4540/,0.14288715,6/1,0.24086347,3/1,0.2776046,5/2,Newcastle (AW),17:53,2026-05-01,4,12.5,Roflow Dust & Fume Lev Systems Handicap (GBBPlus Race)
Havachoc,Rhys Elliott,66.0,4,116,114433,0.14610077,6/1,0.24590504,3/1,0.28333163,5/2,Newcastle (AW),17:53,2026-05-01,4,12.5,Roflow Dust & Fume Lev Systems Handicap (GBBPlus Race)
Billyjoegold,Kaiya Fraser,,4,142,30,0.14291327,6/1,0.24090451,3/1,0.27765122,5/2,Newcastle (AW),18:30,2026-05-01,4,7.0,Roflow Specialist Ventilation & Dehumidification Novice Stakes (GBB Race)
Khaleejy,Kyle McHugh,,5,142,,0.1494001,11/2,0.25106388,3/1,0.2891878,5/2,Newcastle (AW),18:30,2026-05-01,4,7.0,Roflow Specialist Ventilation & Dehumidification Novice Stakes (GBB Race)
Furrst Lady,James Sullivan,,4,137,R87-,0.15808922,11/2,0.26456684,3/1,0.30449593,5/2,Newcastle (AW),18:30,2026-05-01,4,7.0,Roflow Specialist Ventilation & Dehumidification Novice Stakes (GBB Race)
Eklleem,Oisin Orr,,3,130,62-,0.22492419,7/2,0.36439082,3/2,0.4166908,3/2,Newcastle (AW),18:30,2026-05-01,4,7.0,Roflow Specialist Ventilation & Dehumidification Novice Stakes (GBB Race)
Eljowhary,Robbie Downey,,3,130,,0.14044385,6/1,0.23701935,3/1,0.27323514,5/2,Newcastle (AW),18:30,2026-05-01,4,7.0,Roflow Specialist Ventilation & Dehumidification Novice Stakes (GBB Race)
Grasmere Boy,Dylan Hogan,,3,130,,0.14044385,6/1,0.23701935,3/1,0.27323514,5/2,Newcastle (AW),18:30,2026-05-01,4,7.0,Roflow Specialist Ventilation & Dehumidification Novice Stakes (GBB Race)
Record Day,Ben Robinson,,3,130,84,0.14044385,6/1,0.23701935,3/1,0.27323514,5/2,Newcastle (AW),18:30,2026-05-01,4,7.0,Roflow Specialist Ventilation & Dehumidification Novice Stakes (GBB Race)
Thunder Rush,David Nolan,,3,130,5,0.14044385,6/1,0.23701935,3/1,0.27323514,5/2,Newcastle (AW),18:30,2026-05-01,4,7.0,Roflow Specialist Ventilation & Dehumidification Novice Stakes (GBB Race)
Viper,P J McDonald,,3,130,7,0.14044385,6/1,0.23701935,3/1,0.27323514,5/2,Newcastle (AW),18:30,2026-05-01,4,7.0,Roflow Specialist Ventilation & Dehumidification Novice Stakes (GBB Race)
Marhayb,Kevin Stott,,3,125,,0.14044385,6/1,0.23701935,3/1,0.27323514,5/2,Newcastle (AW),18:30,2026-05-01,4,7.0,Roflow Specialist Ventilation & Dehumidification Novice Stakes (GBB Race)
Starmade,P J McDonald,80.0,3,135,321-3,0.19821127,4/1,0.3253501,2/1,0.37302718,3/2,Newcastle (AW),19:02,2026-05-01,4,6.0,Northumbria Leisure For Gaming Machines Handicap
Numero Vingt,Luke Morris,78.0,3,133,5-1160,0.14469925,6/1,0.24370834,3/1,0.28083676,5/2,Newcastle (AW),19:02,2026-05-01,4,6.0,Northumbria Leisure For Gaming Machines Handicap
Dandy Breeze,Paul Mulrennan,77.0,3,132,2-1,0.17374665,5/1,0.28859365,5/2,0.33166128,2/1,Newcastle (AW),19:02,2026-05-01,4,6.0,Northumbria Leisure For Gaming Machines Handicap
Loquella,Oliver Stammers,76.0,3,131,1-26,0.1740128,9/2,0.28899866,5/2,0.33211836,2/1,Newcastle (AW),19:02,2026-05-01,4,6.0,Northumbria Leisure For Gaming Machines Handicap
Theres A Chance,Kevin Stott,75.0,3,130,74187-,0.12993503,13/2,0.22037655,7/2,0.25429213,3/1,Newcastle (AW),19:02,2026-05-01,4,6.0,Northumbria Leisure For Gaming Machines Handicap
Logi Bear,Oisin Orr,75.0,3,130,05000-,0.11680356,15/2,0.19933194,4/1,0.23028009,7/2,Newcastle (AW),19:02,2026-05-01,4,6.0,Northumbria Leisure For Gaming Machines Handicap
Yy Spirit,Rhys Elliott,73.0,3,128,3401-0,0.13304506,13/2,0.22532031,7/2,0.25992352,3/1,Newcastle (AW),19:02,2026-05-01,4,6.0,Northumbria Leisure For Gaming Machines Handicap
Stoic Poet,Andrew Mullen,69.0,3,124,44358-,0.11866835,15/2,0.2023373,4/1,0.23371315,7/2,Newcastle (AW),19:02,2026-05-01,4,6.0,Northumbria Leisure For Gaming Machines Handicap
Recency Bias,Sam James,82.0,4,137,42-14,0.15017782,11/2,0.25227737,3/1,0.29056472,5/2,Newcastle (AW),19:33,2026-05-01,4,7.0,Hays Travel: Nobody Offers You More Handicap
Pressures On,P J McDonald,79.0,5,134,00-228,0.14891186,11/2,0.25030157,3/1,0.28832272,5/2,Newcastle (AW),19:33,2026-05-01,4,7.0,Hays Travel: Nobody Offers You More Handicap
Beale Street,Paul Mulrennan,78.0,5,133,0-7210,0.12441892,7/1,0.21157001,7/2,0.24425167,3/1,Newcastle (AW),19:33,2026-05-01,4,7.0,Hays Travel: Nobody Offers You More Handicap
Gressington,Joanna Mason,77.0,5,132,441-00,0.114613876,15/2,0.1957959,4/1,0.22623916,7/2,Newcastle (AW),19:33,2026-05-01,4,7.0,Hays Travel: Nobody Offers You More Handicap
William Dewhirst,Andrew Mullen,76.0,6,131,132-79,0.11237327,8/1,0.1921697,4/1,0.22209336,7/2,Newcastle (AW),19:33,2026-05-01,4,7.0,Hays Travel: Nobody Offers You More Handicap
The Green Man,Luke Morris,73.0,7,128,327632,0.11023032,8/1,0.188694,9/2,0.21811788,7/2,Newcastle (AW),19:33,2026-05-01,4,7.0,Hays Travel: Nobody Offers You More Handicap
Rich Rhythm,Cam Hardie,68.0,7,123,8256-8,0.11456936,15/2,0.19572394,4/1,0.2261569,7/2,Newcastle (AW),19:33,2026-05-01,4,7.0,Hays Travel: Nobody Offers You More Handicap
Ey Up Its Jazz,Barry McHugh,66.0,7,121,220-86,0.12410421,7/1,0.2110661,7/2,0.24367681,3/1,Newcastle (AW),19:33,2026-05-01,4,7.0,Hays Travel: Nobody Offers You More Handicap
Blufferonthebus,Rhys Elliott,64.0,5,119,4110-9,0.098602615,9/1,0.16970673,5/1,0.19637078,4/1,Newcastle (AW),19:33,2026-05-01,4,7.0,Hays Travel: Nobody Offers You More Handicap
Caragio,William Carson,71.0,6,136,776-21,0.08016318,23/2,0.13915282,6/1,0.16127394,5/1,Newcastle (AW),20:10,2026-05-01,5,6.0,Ride For Tommie Jakes Racing Club Memorial Handicap
Speeding Bullet,David Nolan,70.0,5,135,01422-,0.083392814,11/1,0.14454359,6/1,0.16747513,5/1,Newcastle (AW),20:10,2026-05-01,5,6.0,Ride For Tommie Jakes Racing Club Memorial Handicap
Lions House,Kaiya Fraser,69.0,5,134,931350,0.07592787,12/1,0.13205813,13/2,0.15310697,11/2,Newcastle (AW),20:10,2026-05-01,5,6.0,Ride For Tommie Jakes Racing Club Memorial Handicap
Invincible Ruby,Greg Fairley,68.0,4,133,1608-0,0.07936274,23/2,0.13781418,13/2,0.15973347,11/2,Newcastle (AW),20:10,2026-05-01,5,6.0,Ride For Tommie Jakes Racing Club Memorial Handicap
Raft Up,Ethan Tindall,68.0,5,133,6-3281,0.07830501,12/1,0.13604368,13/2,0.15769568,11/2,Newcastle (AW),20:10,2026-05-01,5,6.0,Ride For Tommie Jakes Racing Club Memorial Handicap
Kings Merchant,Luke Morris,67.0,5,132,40-745,0.08189551,11/1,0.1420464,6/1,0.164603,5/1,Newcastle (AW),20:10,2026-05-01,5,6.0,Ride For Tommie Jakes Racing Club Memorial Handicap
Bellagio Man,Cam Hardie,65.0,8,130,00110-,0.08439536,11/1,0.14621358,6/1,0.16939542,5/1,Newcastle (AW),20:10,2026-05-01,5,6.0,Ride For Tommie Jakes Racing Club Memorial Handicap
Annie Edson Taylor,Sam James,64.0,5,129,21260-,0.08256067,11/1,0.1431562,6/1,0.16587952,5/1,Newcastle (AW),20:10,2026-05-01,5,6.0,Ride For Tommie Jakes Racing Club Memorial Handicap
Lord Abama,Rhys Elliott,64.0,7,129,080-59,0.07372762,25/2,0.1283611,7/1,0.14884867,11/2,Newcastle (AW),20:10,2026-05-01,5,6.0,Ride For Tommie Jakes Racing Club Memorial Handicap
Goal Line,Barry McHugh,63.0,4,128,300/,0.07278286,25/2,0.12677127,7/1,0.14701693,6/1,Newcastle (AW),20:10,2026-05-01,5,6.0,Ride For Tommie Jakes Racing Club Memorial Handicap
Woolridge,Laura Coughlan,63.0,4,128,42-288,0.10951112,8/1,0.18752587,9/2,0.21678141,7/2,Newcastle (AW),20:10,2026-05-01,5,6.0,Ride For Tommie Jakes Racing Club Memorial Handicap
Asadjumeirah,Alex Jary,51.0,8,116,266543,0.07828001,12/1,0.13600181,13/2,0.15764749,11/2,Newcastle (AW),20:10,2026-05-01,5,6.0,Ride For Tommie Jakes Racing Club Memorial Handicap
Great Valley,Mr Guy Sankey,127.0,6,169,225/1-,0.43993318,3/2,0.63704675,1/2,0.7109643,1/2,Warwick,16:30,2026-05-01,5,16.5,Connolly's Red Mills Open Hunters' Chase
On Lovers Walk,Miss Meisha Micklewright,112.0,9,169,3/621-,0.4340595,3/2,0.630581,1/2,0.70427656,1/2,Warwick,16:30,2026-05-01,5,16.5,Connolly's Red Mills Open Hunters' Chase
Franigane,Mr George Edgedale,116.0,11,166,2/3/2-,0.44103962,3/2,0.6382586,1/2,0.71221566,1/2,Warwick,16:30,2026-05-01,5,16.5,Connolly's Red Mills Open Hunters' Chase
Fame And Concrete,Mr Cian Murphy,99.0,10,166,22383/,0.21795581,7/2,0.35431668,2/1,0.405452,3/2,Warwick,17:05,2026-05-01,4,25.5,Pertemps Network Intermediate Point-To-Point Hunters' Chase
Mister Splash,Mr Paddy Barlow,105.0,9,166,U/6/2-,0.23400538,7/2,0.37740287,3/2,0.43117693,3/2,Warwick,17:05,2026-05-01,4,25.5,Pertemps Network Intermediate Point-To-Point Hunters' Chase
Practice Run,Mr Bradley Gibbs,,7,166,5/P7/,0.20721248,4/1,0.33863285,2/1,0.3879155,3/2,Warwick,17:05,2026-05-01,4,25.5,Pertemps Network Intermediate Point-To-Point Hunters' Chase
Tellmesomethingood,Mr Huw Edwards,92.0,8,166,P45/7/,0.24552724,3/1,0.39372212,3/2,0.4492952,1/1,Warwick,17:05,2026-05-01,4,25.5,Pertemps Network Intermediate Point-To-Point Hunters' Chase
The Dancing Tree,Mr James King,118.0,7,166,50526/,0.29026508,5/2,0.4550741,1/1,0.5168775,1/1,Warwick,17:05,2026-05-01,4,25.5,Pertemps Network Intermediate Point-To-Point Hunters' Chase
Ultimate Survivor,Mr Darren Andrews,,6,166,,0.20721248,4/1,0.33863285,2/1,0.3879155,3/2,Warwick,17:05,2026-05-01,4,25.5,Pertemps Network Intermediate Point-To-Point Hunters' Chase
Alaphilippe,Mr James King,118.0,12,168,U90/P-,0.3201064,2/1,0.49421704,1/1,0.5595085,1/1,Warwick,17:40,2026-05-01,4,25.5,GB Pointing Open Hunters' Chase
High Game Royal,Mr Nicholas Romain,108.0,9,168,4/243-,0.2641965,3/1,0.41971385,3/2,0.47803286,1/1,Warwick,17:40,2026-05-01,4,25.5,GB Pointing Open Hunters' Chase
Mister Coffey,Mr Daniel Williams,132.0,11,168,/2054-,0.30429345,5/2,0.4736526,1/1,0.5371623,1/1,Warwick,17:40,2026-05-01,4,25.5,GB Pointing Open Hunters' Chase
What A Glance,Mr Frederick Philipson-Stow,134.0,11,168,10/FP-,0.30429345,5/2,0.4736526,1/1,0.5371623,1/1,Warwick,17:40,2026-05-01,4,25.5,GB Pointing Open Hunters' Chase
Laurel Girl,Mr Henry Main,,10,161,7/,0.24542406,3/1,0.39357692,3/2,0.44913426,1/1,Warwick,17:40,2026-05-01,4,25.5,GB Pointing Open Hunters' Chase
Corporal Jackjones,Mr Darren Andrews,111.0,7,169,84/21-,0.31639692,2/1,0.48942885,1/1,0.5543158,1/1,Warwick,18:15,2026-05-01,4,25.5,Jonathan Neesom Memorial Open Hunters' Chase
Crawter,Mr Joshua Newman,114.0,7,169,18-,0.32744926,2/1,0.5036303,1/1,0.56969815,1/1,Warwick,18:15,2026-05-01,4,25.5,Jonathan Neesom Memorial Open Hunters' Chase
Imperial Esprit,Mr Sean OConnor,116.0,12,169,/23/3-,0.33984977,2/1,0.5193313,1/1,0.58663684,1/2,Warwick,18:15,2026-05-01,4,25.5,Jonathan Neesom Memorial Open Hunters' Chase
Kilfilum Woods,Mr Huw Edwards,97.0,10,169,8P/1U-,0.3019298,5/2,0.47054434,1/1,0.5337748,1/1,Warwick,18:15,2026-05-01,4,25.5,Jonathan Neesom Memorial Open Hunters' Chase
Hollywood Harmon,Miss Pippa Brown,110.0,9,165,/1250-,0.20707402,4/1,0.3384295,2/1,0.38768783,3/2,Warwick,18:50,2026-05-01,4,25.5,Natural Green Creative Spaces Mares' Open Hunters' Chase
Loud And Proud,Mr Huw Edwards,95.0,7,165,12/PP-,0.18692052,9/2,0.3085055,2/1,0.35409987,2/1,Warwick,18:50,2026-05-01,4,25.5,Natural Green Creative Spaces Mares' Open Hunters' Chase
All Loved Up,Mr Hugh Lillingston,86.0,11,162,P/4/4-,0.21403903,7/2,0.3486201,2/1,0.399088,3/2,Warwick,18:50,2026-05-01,4,25.5,Natural Green Creative Spaces Mares' Open Hunters' Chase
For Rita,Miss Abigail Henry,,13,162,5/2/P-,0.17884737,9/2,0.29633617,5/2,0.34039447,2/1,Warwick,18:50,2026-05-01,4,25.5,Natural Green Creative Spaces Mares' Open Hunters' Chase
Missed Tee,Mr Harry ODwyer,98.0,9,162,/6224-,0.17778355,9/2,0.2947248,5/2,0.33857775,2/1,Warwick,18:50,2026-05-01,4,25.5,Natural Green Creative Spaces Mares' Open Hunters' Chase
Police Academy,Miss Ellie Callwood,100.0,9,162,5D1RP4-,0.179577,9/2,0.29744026,5/2,0.34163898,2/1,Warwick,18:50,2026-05-01,4,25.5,Natural Green Creative Spaces Mares' Open Hunters' Chase
Walk Of No Shame,Mr Joshua Newman,106.0,9,162,4/681-,0.19245823,4/1,0.31679267,2/1,0.3634181,2/1,Warwick,18:50,2026-05-01,4,25.5,Natural Green Creative Spaces Mares' Open Hunters' Chase
Jefferys Cross,Mr Sean OConnor,126.0,10,172,32211-,0.31216967,2/1,0.4839455,1/1,0.5483614,1/1,Warwick,19:25,2026-05-01,4,33.0,Foran Equine Open Hunters' Chase
My Gift To You,Miss Gina Andrews,115.0,8,169,14169-,0.29310995,5/2,0.45886716,1/1,0.52102613,1/1,Warwick,19:25,2026-05-01,4,33.0,Foran Equine Open Hunters' Chase
Myth Buster,Miss Lily Bradstock,113.0,13,166,/35/P-,0.2890803,5/2,0.4534906,1/1,0.51514447,1/1,Warwick,19:25,2026-05-01,4,33.0,Foran Equine Open Hunters' Chase
Peaches And Cream,Mr Huw Edwards,119.0,11,166,/6067-,0.27145195,5/2,0.42966458,3/2,0.48899433,1/1,Warwick,19:25,2026-05-01,4,33.0,Foran Equine Open Hunters' Chase
Slipway,Miss Molly Armytage,125.0,11,166,14/55-,0.29532626,5/2,0.4618132,1/1,0.5242458,1/1,Warwick,19:25,2026-05-01,4,33.0,Foran Equine Open Hunters' Chase
Unexpected Party,Miss Heidi Palin,145.0,11,172,2P114-,0.3105159,2/1,0.48179254,1/1,0.5460213,1/1,Warwick,20:00,2026-05-01,5,20.0,Carr & Day & Martin Open Hunters' Chase
Arthurs Sixpence,Mr Harry Brown,115.0,12,166,25P/3-,0.29321328,5/2,0.4590047,1/1,0.52117646,1/1,Warwick,20:00,2026-05-01,5,20.0,Carr & Day & Martin Open Hunters' Chase
Empire De Maulde,Mr Sean OConnor,117.0,12,166,22/47-,0.3201064,2/1,0.49421704,1/1,0.5595085,1/1,Warwick,20:00,2026-05-01,5,20.0,Carr & Day & Martin Open Hunters' Chase
Fan De Blues,Mr Daniel Williams,125.0,11,166,4/248-,0.32876724,2/1,0.5053107,1/1,0.5715145,1/2,Warwick,20:00,2026-05-01,5,20.0,Carr & Day & Martin Open Hunters' Chase
Hystery Bere,Mr Joe Neal,114.0,9,166,2P/43-,0.25869825,3/1,0.41211703,3/2,0.46964908,1/1,Warwick,20:00,2026-05-01,5,20.0,Carr & Day & Martin Open Hunters' Chase
