track_code,track_name,race_date,race_number,race_time,race_name,race_class,surface,distance,purse,program_number,runner_name,jockey,trainer,ml_odds,scratched,breed,source_name,source_url,fetched_at,parser_version
LA,Los Alamitos Quarter Horse,2026-05-10,1,00:49,Claiming 4.5f,Claiming,Dirt,4.5f,"$8,500",1,Grey Power,Ortega Cesar,Raudales Jose,8/5,False,Thoroughbred,tvg,https://api.tvg.com/cosmo/v1/graphql,2026-05-11T02:33:10.085897,1.0.0
LA,Los Alamitos Quarter Horse,2026-05-10,1,00:49,Claiming 4.5f,Claiming,Dirt,4.5f,"$8,500",2,Rachel's Gig,Monroy Francisco,Ruvalcaba Alberto,10/1,False,Thoroughbred,tvg,https://api.tvg.com/cosmo/v1/graphql,2026-05-11T02:33:10.085918,1.0.0
LA,Los Alamitos Quarter Horse,2026-05-10,1,00:49,Claiming 4.5f,Claiming,Dirt,4.5f,"$8,500",3,T One D Flour Free,Flores Pedro,Gonzalez Felix L,7/2,False,Thoroughbred,tvg,https://api.tvg.com/cosmo/v1/graphql,2026-05-11T02:33:10.085931,1.0.0
LA,Los Alamitos Quarter Horse,2026-05-10,1,00:49,Claiming 4.5f,Claiming,Dirt,4.5f,"$8,500",4,Lucky's Loaded,Payeras Edgar,Tamayo Isidro,6/1,False,Thoroughbred,tvg,https://api.tvg.com/cosmo/v1/graphql,2026-05-11T02:33:10.085938,1.0.0
LA,Los Alamitos Quarter Horse,2026-05-10,1,00:49,Claiming 4.5f,Claiming,Dirt,4.5f,"$8,500",5,Twilight Moon,Vargas Salvador R,Berman Eric,15/1,False,Thoroughbred,tvg,https://api.tvg.com/cosmo/v1/graphql,2026-05-11T02:33:10.085945,1.0.0
LA,Los Alamitos Quarter Horse,2026-05-10,1,00:49,Claiming 4.5f,Claiming,Dirt,4.5f,"$8,500",6,The Great G,Herrera Cristobal,Stortz Marcia,5/1,False,Thoroughbred,tvg,https://api.tvg.com/cosmo/v1/graphql,2026-05-11T02:33:10.085951,1.0.0
LA,Los Alamitos Quarter Horse,2026-05-10,1,00:49,Claiming 4.5f,Claiming,Dirt,4.5f,"$8,500",7,Beau's Charm,Ramirez Ricardo S,Morfin Sergio,4/1,False,Thoroughbred,tvg,https://api.tvg.com/cosmo/v1/graphql,2026-05-11T02:33:10.085964,1.0.0
LA,Los Alamitos Quarter Horse,2026-05-10,2,01:13,Claiming 4.5f,Claiming,Dirt,4.5f,"$8,500",1,Fire Ile,Payeras Edgar,Dial Troy,3/1,False,Thoroughbred,tvg,https://api.tvg.com/cosmo/v1/graphql,2026-05-11T02:33:10.085984,1.0.0
LA,Los Alamitos Quarter Horse,2026-05-10,2,01:13,Claiming 4.5f,Claiming,Dirt,4.5f,"$8,500",2,Lady Victoria,Cruz Damian D,Aquino Angela M,10/1,False,Thoroughbred,tvg,https://api.tvg.com/cosmo/v1/graphql,2026-05-11T02:33:10.085990,1.0.0
LA,Los Alamitos Quarter Horse,2026-05-10,2,01:13,Claiming 4.5f,Claiming,Dirt,4.5f,"$8,500",3,Only Reputation,Escobedo Adrian,Hanson Ryan,6/5,False,Thoroughbred,tvg,https://api.tvg.com/cosmo/v1/graphql,2026-05-11T02:33:10.085997,1.0.0
LA,Los Alamitos Quarter Horse,2026-05-10,2,01:13,Claiming 4.5f,Claiming,Dirt,4.5f,"$8,500",4,Jager Angel,Flores Pedro,Lucas Robert J,12/1,False,Thoroughbred,tvg,https://api.tvg.com/cosmo/v1/graphql,2026-05-11T02:33:10.086003,1.0.0
LA,Los Alamitos Quarter Horse,2026-05-10,2,01:13,Claiming 4.5f,Claiming,Dirt,4.5f,"$8,500",5,Lochmara,Herrera Cristobal,Bautista Jorge,6/1,False,Thoroughbred,tvg,https://api.tvg.com/cosmo/v1/graphql,2026-05-11T02:33:10.086009,1.0.0
LA,Los Alamitos Quarter Horse,2026-05-10,2,01:13,Claiming 4.5f,Claiming,Dirt,4.5f,"$8,500",6,Breville,Monroy Francisco,Haley Gloria,8/1,False,Thoroughbred,tvg,https://api.tvg.com/cosmo/v1/graphql,2026-05-11T02:33:10.086017,1.0.0
LA,Los Alamitos Quarter Horse,2026-05-10,2,01:13,Claiming 4.5f,Claiming,Dirt,4.5f,"$8,500",7,Sweet Ella Rae,Vargas Salvador R,Uranga Jesus J,6/1,False,Thoroughbred,tvg,https://api.tvg.com/cosmo/v1/graphql,2026-05-11T02:33:10.086024,1.0.0
LA,Los Alamitos Quarter Horse,2026-05-10,3,01:38,Maiden 1000y,Maiden,Dirt,1000y,"$13,000",1,Cote Blanc,Monroy Francisco,Haley Gloria,8/1,False,Thoroughbred,tvg,https://api.tvg.com/cosmo/v1/graphql,2026-05-11T02:33:10.086038,1.0.0
LA,Los Alamitos Quarter Horse,2026-05-10,3,01:38,Maiden 1000y,Maiden,Dirt,1000y,"$13,000",2,Vashon,Bautista Alfredo L,Haley Gloria,9/2,False,Thoroughbred,tvg,https://api.tvg.com/cosmo/v1/graphql,2026-05-11T02:33:10.086044,1.0.0
LA,Los Alamitos Quarter Horse,2026-05-10,3,01:38,Maiden 1000y,Maiden,Dirt,1000y,"$13,000",3,Smokem Hot Girl,Flores Pedro,Gonzalez Felix L,7/2,False,Thoroughbred,tvg,https://api.tvg.com/cosmo/v1/graphql,2026-05-11T02:33:10.086050,1.0.0
LA,Los Alamitos Quarter Horse,2026-05-10,3,01:38,Maiden 1000y,Maiden,Dirt,1000y,"$13,000",4,Kyathos,Herrera Cristobal,"Hernandez, Jr. Jose",12/1,False,Thoroughbred,tvg,https://api.tvg.com/cosmo/v1/graphql,2026-05-11T02:33:10.086058,1.0.0
LA,Los Alamitos Quarter Horse,2026-05-10,3,01:38,Maiden 1000y,Maiden,Dirt,1000y,"$13,000",5,Pantages,Escobedo Adrian,Hanson Ryan,7/5,False,Thoroughbred,tvg,https://api.tvg.com/cosmo/v1/graphql,2026-05-11T02:33:10.086067,1.0.0
LA,Los Alamitos Quarter Horse,2026-05-10,3,01:38,Maiden 1000y,Maiden,Dirt,1000y,"$13,000",6,Furia,Ortega Cesar,"Glenn, Jr. James W",3/1,False,Thoroughbred,tvg,https://api.tvg.com/cosmo/v1/graphql,2026-05-11T02:33:10.086073,1.0.0
LA,Los Alamitos Quarter Horse,2026-05-10,4,02:06,Maiden 1000y,Maiden,Dirt,1000y,"$13,500",1,Hydroplane,Monroy Francisco,Haley Gloria,8/1,False,Thoroughbred,tvg,https://api.tvg.com/cosmo/v1/graphql,2026-05-11T02:33:10.086085,1.0.0
LA,Los Alamitos Quarter Horse,2026-05-10,4,02:06,Maiden 1000y,Maiden,Dirt,1000y,"$13,500",2,Magilligan,Vargas Salvador R,Bautista Jorge,15/1,False,Thoroughbred,tvg,https://api.tvg.com/cosmo/v1/graphql,2026-05-11T02:33:10.086092,1.0.0
LA,Los Alamitos Quarter Horse,2026-05-10,4,02:06,Maiden 1000y,Maiden,Dirt,1000y,"$13,500",3,Wicklow Way,Bautista Alfredo L,Haley Gloria,20/1,False,Thoroughbred,tvg,https://api.tvg.com/cosmo/v1/graphql,2026-05-11T02:33:10.086100,1.0.0
LA,Los Alamitos Quarter Horse,2026-05-10,4,02:06,Maiden 1000y,Maiden,Dirt,1000y,"$13,500",4,Smokem Master,Flores Pedro,Raudales Jose,2/1,False,Thoroughbred,tvg,https://api.tvg.com/cosmo/v1/graphql,2026-05-11T02:33:10.086106,1.0.0
LA,Los Alamitos Quarter Horse,2026-05-10,4,02:06,Maiden 1000y,Maiden,Dirt,1000y,"$13,500",5,Treximo,Escobedo Adrian,Hanson Ryan,8/5,True,Thoroughbred,tvg,https://api.tvg.com/cosmo/v1/graphql,2026-05-11T02:33:10.086113,1.0.0
LA,Los Alamitos Quarter Horse,2026-05-10,4,02:06,Maiden 1000y,Maiden,Dirt,1000y,"$13,500",6,Charlie D'oro,Ortega Cesar,"Hernandez, Jr. Jose",4/1,False,Thoroughbred,tvg,https://api.tvg.com/cosmo/v1/graphql,2026-05-11T02:33:10.086119,1.0.0
LA,Los Alamitos Quarter Horse,2026-05-10,4,02:06,Maiden 1000y,Maiden,Dirt,1000y,"$13,500",7,Bretts Acclaim,Payeras Edgar,Paldanius Sheldon W,6/1,False,Thoroughbred,tvg,https://api.tvg.com/cosmo/v1/graphql,2026-05-11T02:33:10.086125,1.0.0
LA,Los Alamitos Quarter Horse,2026-05-10,5,02:29,Maiden 220y,Maiden,Dirt,220y,"$8,000",1,Aj Majesty,Arriaga Martin,Aleman Juan G,8/5,False,Quarter Horse,tvg,https://api.tvg.com/cosmo/v1/graphql,2026-05-11T02:33:10.086139,1.0.0
LA,Los Alamitos Quarter Horse,2026-05-10,5,02:29,Maiden 220y,Maiden,Dirt,220y,"$8,000",2,Jb Kool Idea,Lopez Henry R,Gonzalez Felix L,5/1,False,Quarter Horse,tvg,https://api.tvg.com/cosmo/v1/graphql,2026-05-11T02:33:10.086145,1.0.0
LA,Los Alamitos Quarter Horse,2026-05-10,5,02:29,Maiden 220y,Maiden,Dirt,220y,"$8,000",3,Lil Miss Bella Blue,Aceves Rodrigo,Andrade Elena,10/1,False,Quarter Horse,tvg,https://api.tvg.com/cosmo/v1/graphql,2026-05-11T02:33:10.086151,1.0.0
LA,Los Alamitos Quarter Horse,2026-05-10,5,02:29,Maiden 220y,Maiden,Dirt,220y,"$8,000",4,Cup Of Gold,Peinado Oscar M,"Glenn, Jr. James W",2/1,False,Quarter Horse,tvg,https://api.tvg.com/cosmo/v1/graphql,2026-05-11T02:33:10.086157,1.0.0
LA,Los Alamitos Quarter Horse,2026-05-10,5,02:29,Maiden 220y,Maiden,Dirt,220y,"$8,000",5,La Choco Crispis,Ochoa Cristofer,Zuazo Ramiro L,15/1,False,Quarter Horse,tvg,https://api.tvg.com/cosmo/v1/graphql,2026-05-11T02:33:10.086163,1.0.0
LA,Los Alamitos Quarter Horse,2026-05-10,5,02:29,Maiden 220y,Maiden,Dirt,220y,"$8,000",6,Cyber Dreams,Klaiber Justine,Flores Jose A,7/2,False,Quarter Horse,tvg,https://api.tvg.com/cosmo/v1/graphql,2026-05-11T02:33:10.086170,1.0.0
LA,Los Alamitos Quarter Horse,2026-05-10,6,02:52,Allowance 110y,Allowance,Dirt,110y,"$14,700",1,Jazzy Girl,Lopez Henry R,Jones Paul C,8/1,False,Quarter Horse,tvg,https://api.tvg.com/cosmo/v1/graphql,2026-05-11T02:33:10.086181,1.0.0
LA,Los Alamitos Quarter Horse,2026-05-10,6,02:52,Allowance 110y,Allowance,Dirt,110y,"$14,700",2,Jo Lee,Aceves Rodrigo,Andrade Elena,5/2,False,Quarter Horse,tvg,https://api.tvg.com/cosmo/v1/graphql,2026-05-11T02:33:10.086187,1.0.0
LA,Los Alamitos Quarter Horse,2026-05-10,6,02:52,Allowance 110y,Allowance,Dirt,110y,"$14,700",3,One Sweet Duck,Viramontes Armando,Aleman Juan G,8/5,False,Quarter Horse,tvg,https://api.tvg.com/cosmo/v1/graphql,2026-05-11T02:33:10.086198,1.0.0
LA,Los Alamitos Quarter Horse,2026-05-10,6,02:52,Allowance 110y,Allowance,Dirt,110y,"$14,700",4,Ultra Shiny,Nicasio Eduardo,Farias Adan,8/1,False,Quarter Horse,tvg,https://api.tvg.com/cosmo/v1/graphql,2026-05-11T02:33:10.086216,1.0.0
LA,Los Alamitos Quarter Horse,2026-05-10,6,02:52,Allowance 110y,Allowance,Dirt,110y,"$14,700",5,Plea Deal,Franco Cesar,Andrade Elena,15/1,False,Quarter Horse,tvg,https://api.tvg.com/cosmo/v1/graphql,2026-05-11T02:33:10.086223,1.0.0
LA,Los Alamitos Quarter Horse,2026-05-10,6,02:52,Allowance 110y,Allowance,Dirt,110y,"$14,700",6,Favorite Princess,Escobedo Edwin G,Jungers Marc E,15/1,False,Quarter Horse,tvg,https://api.tvg.com/cosmo/v1/graphql,2026-05-11T02:33:10.086230,1.0.0
LA,Los Alamitos Quarter Horse,2026-05-10,6,02:52,Allowance 110y,Allowance,Dirt,110y,"$14,700",7,Shine Ellyn,Lara Irving,Jones Paul C,15/1,False,Quarter Horse,tvg,https://api.tvg.com/cosmo/v1/graphql,2026-05-11T02:33:10.086236,1.0.0
LA,Los Alamitos Quarter Horse,2026-05-10,6,02:52,Allowance 110y,Allowance,Dirt,110y,"$14,700",8,Cheat Sheet,Peinado Oscar M,"Glenn, Jr. James W",7/2,False,Quarter Horse,tvg,https://api.tvg.com/cosmo/v1/graphql,2026-05-11T02:33:10.086243,1.0.0
LA,Los Alamitos Quarter Horse,2026-05-10,7,03:18,Allowance 300y,Allowance,Dirt,300y,"$13,300",1,Nuclear Arsenal,Nicasio Eduardo,Jones Paul C,3/1,False,Quarter Horse,tvg,https://api.tvg.com/cosmo/v1/graphql,2026-05-11T02:33:10.086256,1.0.0
LA,Los Alamitos Quarter Horse,2026-05-10,7,03:18,Allowance 300y,Allowance,Dirt,300y,"$13,300",2,Zora V,Ramirez Ricardo S,Nunez Jesus,9/5,False,Quarter Horse,tvg,https://api.tvg.com/cosmo/v1/graphql,2026-05-11T02:33:10.086264,1.0.0
LA,Los Alamitos Quarter Horse,2026-05-10,7,03:18,Allowance 300y,Allowance,Dirt,300y,"$13,300",3,Emperador D,Peinado Oscar M,Gomez Jaime H,8/1,False,Quarter Horse,tvg,https://api.tvg.com/cosmo/v1/graphql,2026-05-11T02:33:10.086270,1.0.0
LA,Los Alamitos Quarter Horse,2026-05-10,7,03:18,Allowance 300y,Allowance,Dirt,300y,"$13,300",4,Wee Political,Arriaga Martin,Aleman Juan G,4/1,False,Quarter Horse,tvg,https://api.tvg.com/cosmo/v1/graphql,2026-05-11T02:33:10.086275,1.0.0
LA,Los Alamitos Quarter Horse,2026-05-10,7,03:18,Allowance 300y,Allowance,Dirt,300y,"$13,300",5,Boss Leyend,Lara Gabriel A,Nunez Jesus,5/1,False,Quarter Horse,tvg,https://api.tvg.com/cosmo/v1/graphql,2026-05-11T02:33:10.086283,1.0.0
LA,Los Alamitos Quarter Horse,2026-05-10,7,03:18,Allowance 300y,Allowance,Dirt,300y,"$13,300",6,Jessys Dynasty,Klaiber Justine,Willis Eddie D,9/2,False,Quarter Horse,tvg,https://api.tvg.com/cosmo/v1/graphql,2026-05-11T02:33:10.086289,1.0.0
LA,Los Alamitos Quarter Horse,2026-05-10,8,03:42,Maiden 300y,Maiden,Dirt,300y,"$8,000",1,Ximenarey,Nicasio Eduardo,Gomez Jaime H,6/1,False,Quarter Horse,tvg,https://api.tvg.com/cosmo/v1/graphql,2026-05-11T02:33:10.086300,1.0.0
LA,Los Alamitos Quarter Horse,2026-05-10,8,03:42,Maiden 300y,Maiden,Dirt,300y,"$8,000",2,Uptick,Arriaga Martin,Aleman Juan G,2/1,False,Quarter Horse,tvg,https://api.tvg.com/cosmo/v1/graphql,2026-05-11T02:33:10.086305,1.0.0
LA,Los Alamitos Quarter Horse,2026-05-10,8,03:42,Maiden 300y,Maiden,Dirt,300y,"$8,000",3,Niece Laura,Ortega Cesar,"Glenn, Jr. James W",9/2,False,Quarter Horse,tvg,https://api.tvg.com/cosmo/v1/graphql,2026-05-11T02:33:10.086312,1.0.0
LA,Los Alamitos Quarter Horse,2026-05-10,8,03:42,Maiden 300y,Maiden,Dirt,300y,"$8,000",4,Pyc Last Dance Cindy,Klaiber Justine,Willis Eddie D,5/2,False,Quarter Horse,tvg,https://api.tvg.com/cosmo/v1/graphql,2026-05-11T02:33:10.086319,1.0.0
LA,Los Alamitos Quarter Horse,2026-05-10,8,03:42,Maiden 300y,Maiden,Dirt,300y,"$8,000",5,Martha Starr,Lopez Henry R,Jones Paul C,7/2,False,Quarter Horse,tvg,https://api.tvg.com/cosmo/v1/graphql,2026-05-11T02:33:10.086326,1.0.0
LA,Los Alamitos Quarter Horse,2026-05-10,8,03:42,Maiden 300y,Maiden,Dirt,300y,"$8,000",6,Rite Cowboy Mrl,Lara Gabriel A,Gomez Jaime H,10/1,False,Quarter Horse,tvg,https://api.tvg.com/cosmo/v1/graphql,2026-05-11T02:33:10.086333,1.0.0
LA,Los Alamitos Quarter Horse,2026-05-10,9,04:06,Futurity 300y,Futurity,Dirt,300y,"$254,500",1,Cyber Eyes,Lara Gabriel A,Flores Jose A,8/1,True,Quarter Horse,tvg,https://api.tvg.com/cosmo/v1/graphql,2026-05-11T02:33:10.086344,1.0.0
LA,Los Alamitos Quarter Horse,2026-05-10,9,04:06,Futurity 300y,Futurity,Dirt,300y,"$254,500",2,Teller Looks Mrl,Nicasio Eduardo,Gomez Jaime H,30/1,True,Quarter Horse,tvg,https://api.tvg.com/cosmo/v1/graphql,2026-05-11T02:33:10.086350,1.0.0
LA,Los Alamitos Quarter Horse,2026-05-10,9,04:06,Futurity 300y,Futurity,Dirt,300y,"$254,500",3,Contentious,Lara Irving,Flores Jose A,2/1,True,Quarter Horse,tvg,https://api.tvg.com/cosmo/v1/graphql,2026-05-11T02:33:10.086356,1.0.0
LA,Los Alamitos Quarter Horse,2026-05-10,9,04:06,Futurity 300y,Futurity,Dirt,300y,"$254,500",4,Ap Eagle Heart,Lopez Henry R,Farias Adan,10/1,False,Quarter Horse,tvg,https://api.tvg.com/cosmo/v1/graphql,2026-05-11T02:33:10.086361,1.0.0
LA,Los Alamitos Quarter Horse,2026-05-10,9,04:06,Futurity 300y,Futurity,Dirt,300y,"$254,500",5,Romoland,Aceves Rodrigo,Flores Jose A,8/1,False,Quarter Horse,tvg,https://api.tvg.com/cosmo/v1/graphql,2026-05-11T02:33:10.086370,1.0.0
LA,Los Alamitos Quarter Horse,2026-05-10,9,04:06,Futurity 300y,Futurity,Dirt,300y,"$254,500",6,Jaque,Gasca Erasmo,Flores Jose A,7/2,False,Quarter Horse,tvg,https://api.tvg.com/cosmo/v1/graphql,2026-05-11T02:33:10.086375,1.0.0
LA,Los Alamitos Quarter Horse,2026-05-10,9,04:06,Futurity 300y,Futurity,Dirt,300y,"$254,500",7,My Favorite Paris,Viramontes Armando,Flores Jose A,20/1,False,Quarter Horse,tvg,https://api.tvg.com/cosmo/v1/graphql,2026-05-11T02:33:10.086381,1.0.0
LA,Los Alamitos Quarter Horse,2026-05-10,9,04:06,Futurity 300y,Futurity,Dirt,300y,"$254,500",8,Bridgewater,Ramirez Ricardo S,Flores Jose A,6/1,True,Quarter Horse,tvg,https://api.tvg.com/cosmo/v1/graphql,2026-05-11T02:33:10.086386,1.0.0
LA,Los Alamitos Quarter Horse,2026-05-10,9,04:06,Futurity 300y,Futurity,Dirt,300y,"$254,500",9,Call Me Candela,Alcala Jose R,Flores Jose A,8/1,False,Quarter Horse,tvg,https://api.tvg.com/cosmo/v1/graphql,2026-05-11T02:33:10.086392,1.0.0
LA,Los Alamitos Quarter Horse,2026-05-10,9,04:06,Futurity 300y,Futurity,Dirt,300y,"$254,500",10,Monday Dynasty,Escobedo Edwin G,Gonzales Ii James J,10/1,False,Quarter Horse,tvg,https://api.tvg.com/cosmo/v1/graphql,2026-05-11T02:33:10.086399,1.0.0
NFL,Northfield Park,2026-05-10,1,22:14,Pace 1m,Pace,Dirt,1m,"$5,300",1,Homestretch Wes,"Ciocca, John J","Stratton, Pete",20/1,False,Harness,tvg,https://api.tvg.com/cosmo/v1/graphql,2026-05-11T02:33:10.093029,1.0.0
NFL,Northfield Park,2026-05-10,1,22:14,Pace 1m,Pace,Dirt,1m,"$5,300",2,The Onyx Dragon,"Rhoades, Braid","Stockwell, Sue",2/1,False,Harness,tvg,https://api.tvg.com/cosmo/v1/graphql,2026-05-11T02:33:10.093087,1.0.0
NFL,Northfield Park,2026-05-10,1,22:14,Pace 1m,Pace,Dirt,1m,"$5,300",3,Captain T Hanover,"Merriman, Aaro","Kreiser, Cory",9/5,False,Harness,tvg,https://api.tvg.com/cosmo/v1/graphql,2026-05-11T02:33:10.093138,1.0.0
NFL,Northfield Park,2026-05-10,1,22:14,Pace 1m,Pace,Dirt,1m,"$5,300",4,Billy Lincoln N,"Angus, Tyler","Millner, Jessi",9/1,False,Harness,tvg,https://api.tvg.com/cosmo/v1/graphql,2026-05-11T02:33:10.093155,1.0.0
NFL,Northfield Park,2026-05-10,1,22:14,Pace 1m,Pace,Dirt,1m,"$5,300",5,Dragonmetovegas,"Kash, Keith","Kash, Keith Jr",25/1,False,Harness,tvg,https://api.tvg.com/cosmo/v1/graphql,2026-05-11T02:33:10.093170,1.0.0
NFL,Northfield Park,2026-05-10,1,22:14,Pace 1m,Pace,Dirt,1m,"$5,300",6,Heat Check,"Noble, Dan","Loney, Renae",5/2,False,Harness,tvg,https://api.tvg.com/cosmo/v1/graphql,2026-05-11T02:33:10.093212,1.0.0
NFL,Northfield Park,2026-05-10,1,22:14,Pace 1m,Pace,Dirt,1m,"$5,300",7,Ogradys First Man,"Thompson, Jaso","Hall, Tim S",25/1,False,Harness,tvg,https://api.tvg.com/cosmo/v1/graphql,2026-05-11T02:33:10.093226,1.0.0
NFL,Northfield Park,2026-05-10,1,22:14,Pace 1m,Pace,Dirt,1m,"$5,300",8,Studio Hanover,"Grismore, Greg","Wengerd, John",25/1,False,Harness,tvg,https://api.tvg.com/cosmo/v1/graphql,2026-05-11T02:33:10.093241,1.0.0
NFL,Northfield Park,2026-05-10,1,22:14,Pace 1m,Pace,Dirt,1m,"$5,300",9,Treetop Flyer,"Ebersole, Loga","Umholtz, Clair",25/1,False,Harness,tvg,https://api.tvg.com/cosmo/v1/graphql,2026-05-11T02:33:10.093255,1.0.0
NFL,Northfield Park,2026-05-10,2,22:33,Trot 1m,Trot,Dirt,1m,"$14,200",1,Highland Mowgli,"Wrenn, Ronnie","Burke, Ron",8/5,False,Harness,tvg,https://api.tvg.com/cosmo/v1/graphql,2026-05-11T02:33:10.093306,1.0.0
NFL,Northfield Park,2026-05-10,2,22:33,Trot 1m,Trot,Dirt,1m,"$14,200",2,Trout Master,"Irvine, Justin","Millner, Jessi",5/1,True,Harness,tvg,https://api.tvg.com/cosmo/v1/graphql,2026-05-11T02:33:10.093323,1.0.0
NFL,Northfield Park,2026-05-10,2,22:33,Trot 1m,Trot,Dirt,1m,"$14,200",3,Robert's Hanover,"Lems, Chris","Sweeney, Mike",8/1,False,Harness,tvg,https://api.tvg.com/cosmo/v1/graphql,2026-05-11T02:33:10.093340,1.0.0
NFL,Northfield Park,2026-05-10,2,22:33,Trot 1m,Trot,Dirt,1m,"$14,200",4,Spitfire Oversees,"Macdonald, Ant","Mcginnis, Jaso",7/2,False,Harness,tvg,https://api.tvg.com/cosmo/v1/graphql,2026-05-11T02:33:10.093355,1.0.0
NFL,Northfield Park,2026-05-10,2,22:33,Trot 1m,Trot,Dirt,1m,"$14,200",5,Jett Rink,"Day, James","Hall, Tim S",6/1,False,Harness,tvg,https://api.tvg.com/cosmo/v1/graphql,2026-05-11T02:33:10.093372,1.0.0
NFL,Northfield Park,2026-05-10,2,22:33,Trot 1m,Trot,Dirt,1m,"$14,200",6,Royal Precedent,"Merriman, Aaro","Schillaci, Sam",9/1,False,Harness,tvg,https://api.tvg.com/cosmo/v1/graphql,2026-05-11T02:33:10.093386,1.0.0
NFL,Northfield Park,2026-05-10,2,22:33,Trot 1m,Trot,Dirt,1m,"$14,200",7,Oberto,"Angus, Tyler","Kreiser, Cory",8/1,False,Harness,tvg,https://api.tvg.com/cosmo/v1/graphql,2026-05-11T02:33:10.093400,1.0.0
NFL,Northfield Park,2026-05-10,3,22:59,Pace 1m,Pace,Dirt,1m,"$15,500",1,Don'ttouchmytruck,"Grismore, Greg","Roegner, Judy",12/1,False,Harness,tvg,https://api.tvg.com/cosmo/v1/graphql,2026-05-11T02:33:10.093483,1.0.0
NFL,Northfield Park,2026-05-10,3,22:59,Pace 1m,Pace,Dirt,1m,"$15,500",2,Base Stealer,"Noble, Dan","Loney, Renae",7/2,False,Harness,tvg,https://api.tvg.com/cosmo/v1/graphql,2026-05-11T02:33:10.093511,1.0.0
NFL,Northfield Park,2026-05-10,3,22:59,Pace 1m,Pace,Dirt,1m,"$15,500",3,Moneyman Mikki,"Merriman, Aaro","Kreiser, Cory",9/5,False,Harness,tvg,https://api.tvg.com/cosmo/v1/graphql,2026-05-11T02:33:10.093519,1.0.0
NFL,Northfield Park,2026-05-10,3,22:59,Pace 1m,Pace,Dirt,1m,"$15,500",4,Speed Snip,"Ciocca, John J","Ciocca, John J",9/1,False,Harness,tvg,https://api.tvg.com/cosmo/v1/graphql,2026-05-11T02:33:10.093527,1.0.0
NFL,Northfield Park,2026-05-10,3,22:59,Pace 1m,Pace,Dirt,1m,"$15,500",5,Club Scene,"Wrenn, Ronnie","Schillaci, Sam",7/2,False,Harness,tvg,https://api.tvg.com/cosmo/v1/graphql,2026-05-11T02:33:10.093534,1.0.0
NFL,Northfield Park,2026-05-10,3,22:59,Pace 1m,Pace,Dirt,1m,"$15,500",6,Trosa A,"Macdonald, Ant","Mcginnis, Jaso",20/1,False,Harness,tvg,https://api.tvg.com/cosmo/v1/graphql,2026-05-11T02:33:10.093539,1.0.0
NFL,Northfield Park,2026-05-10,3,22:59,Pace 1m,Pace,Dirt,1m,"$15,500",7,Lake Charles,"Irvine, Justin","Holzman, Paul",4/1,False,Harness,tvg,https://api.tvg.com/cosmo/v1/graphql,2026-05-11T02:33:10.093545,1.0.0
NFL,Northfield Park,2026-05-10,4,23:21,Trot 1m,Trot,Dirt,1m,"$5,300",1,Meadowbranch Noble,"Ebersole, Loga","Ebersole, Jeff",3/1,False,Harness,tvg,https://api.tvg.com/cosmo/v1/graphql,2026-05-11T02:33:10.093575,1.0.0
NFL,Northfield Park,2026-05-10,4,23:21,Trot 1m,Trot,Dirt,1m,"$5,300",2,Greatlakes,"Day, James","Troyer, Roelet",7/1,False,Harness,tvg,https://api.tvg.com/cosmo/v1/graphql,2026-05-11T02:33:10.093582,1.0.0
NFL,Northfield Park,2026-05-10,4,23:21,Trot 1m,Trot,Dirt,1m,"$5,300",3,Keeper Of Secrets,"Thompson, Jaso","Bontrager, Jal",4/1,False,Harness,tvg,https://api.tvg.com/cosmo/v1/graphql,2026-05-11T02:33:10.093588,1.0.0
NFL,Northfield Park,2026-05-10,4,23:21,Trot 1m,Trot,Dirt,1m,"$5,300",4,Emerald Chip,"Harmon, Lauren","Harmon, Lauren",10/1,True,Harness,tvg,https://api.tvg.com/cosmo/v1/graphql,2026-05-11T02:33:10.093594,1.0.0
NFL,Northfield Park,2026-05-10,4,23:21,Trot 1m,Trot,Dirt,1m,"$5,300",5,Mj'slibertyvalance,"Noble, Dan","Bross, Doyle",5/2,False,Harness,tvg,https://api.tvg.com/cosmo/v1/graphql,2026-05-11T02:33:10.093599,1.0.0
NFL,Northfield Park,2026-05-10,4,23:21,Trot 1m,Trot,Dirt,1m,"$5,300",6,Mikel Lou,"Lems, Chris","Hall, Tim S",5/1,False,Harness,tvg,https://api.tvg.com/cosmo/v1/graphql,2026-05-11T02:33:10.093605,1.0.0
NFL,Northfield Park,2026-05-10,4,23:21,Trot 1m,Trot,Dirt,1m,"$5,300",7,Archimedes,"Merriman, Aaro","Wengerd, John",12/1,False,Harness,tvg,https://api.tvg.com/cosmo/v1/graphql,2026-05-11T02:33:10.093613,1.0.0
NFL,Northfield Park,2026-05-10,4,23:21,Trot 1m,Trot,Dirt,1m,"$5,300",8,Omaha Storm Chaser,"Kreiser, Cory","Van Otterloo,",15/1,False,Harness,tvg,https://api.tvg.com/cosmo/v1/graphql,2026-05-11T02:33:10.093619,1.0.0
NFL,Northfield Park,2026-05-10,5,23:43,Pace 1m,Pace,Dirt,1m,"$12,800",1,Master Yossi N,"Lems, Chris","Schillaci, Sam",2/1,False,Harness,tvg,https://api.tvg.com/cosmo/v1/graphql,2026-05-11T02:33:10.093630,1.0.0
NFL,Northfield Park,2026-05-10,5,23:43,Pace 1m,Pace,Dirt,1m,"$12,800",2,Born Wild,"Farmer, Wyatt","Malady, Gerald",5/1,False,Harness,tvg,https://api.tvg.com/cosmo/v1/graphql,2026-05-11T02:33:10.093639,1.0.0
NFL,Northfield Park,2026-05-10,5,23:43,Pace 1m,Pace,Dirt,1m,"$12,800",3,Hardt Of A King,"Macdonald, Ant","Goodwin, Kelly",10/1,False,Harness,tvg,https://api.tvg.com/cosmo/v1/graphql,2026-05-11T02:33:10.093645,1.0.0
NFL,Northfield Park,2026-05-10,5,23:43,Pace 1m,Pace,Dirt,1m,"$12,800",4,Flip My Chip,"Noble, Dan","Irwin, Jason",3/1,False,Harness,tvg,https://api.tvg.com/cosmo/v1/graphql,2026-05-11T02:33:10.093651,1.0.0
NFL,Northfield Park,2026-05-10,5,23:43,Pace 1m,Pace,Dirt,1m,"$12,800",5,Louie The Horse N,"Merriman, Aaro","Bendis, Randy",12/1,False,Harness,tvg,https://api.tvg.com/cosmo/v1/graphql,2026-05-11T02:33:10.093657,1.0.0
NFL,Northfield Park,2026-05-10,5,23:43,Pace 1m,Pace,Dirt,1m,"$12,800",6,Sumomentsomwhere A,"Wrenn, Ronnie","Burke, Ron",7/2,False,Harness,tvg,https://api.tvg.com/cosmo/v1/graphql,2026-05-11T02:33:10.093662,1.0.0
NFL,Northfield Park,2026-05-10,5,23:43,Pace 1m,Pace,Dirt,1m,"$12,800",7,Johnny Up,"Ebersole, Loga","Miller, Allen",25/1,False,Harness,tvg,https://api.tvg.com/cosmo/v1/graphql,2026-05-11T02:33:10.093669,1.0.0
NFL,Northfield Park,2026-05-10,5,23:43,Pace 1m,Pace,Dirt,1m,"$12,800",8,Beach Bum Harley,"Irvine, Justin","Hercules, Rick",25/1,False,Harness,tvg,https://api.tvg.com/cosmo/v1/graphql,2026-05-11T02:33:10.093674,1.0.0
NFL,Northfield Park,2026-05-10,6,00:09,Trot 1m,Trot,Dirt,1m,"$19,500",1,Bluebird Revival,"Ciocca, John J","Hershberger, L",20/1,False,Harness,tvg,https://api.tvg.com/cosmo/v1/graphql,2026-05-11T02:33:10.093685,1.0.0
NFL,Northfield Park,2026-05-10,6,00:09,Trot 1m,Trot,Dirt,1m,"$19,500",2,Macmorris Hanover,"Noble, Dan","Currie, Stacey",4/1,False,Harness,tvg,https://api.tvg.com/cosmo/v1/graphql,2026-05-11T02:33:10.093691,1.0.0
NFL,Northfield Park,2026-05-10,6,00:09,Trot 1m,Trot,Dirt,1m,"$19,500",3,Mohatu As,"Day, James","Headworth, Mar",15/1,False,Harness,tvg,https://api.tvg.com/cosmo/v1/graphql,2026-05-11T02:33:10.093696,1.0.0
NFL,Northfield Park,2026-05-10,6,00:09,Trot 1m,Trot,Dirt,1m,"$19,500",4,Yo Mister,"Macdonald, Ant","Mcginnis, Jaso",9/2,False,Harness,tvg,https://api.tvg.com/cosmo/v1/graphql,2026-05-11T02:33:10.093703,1.0.0
NFL,Northfield Park,2026-05-10,6,00:09,Trot 1m,Trot,Dirt,1m,"$19,500",5,Stumpy,"Lems, Chris","Miller, Allen",6/1,False,Harness,tvg,https://api.tvg.com/cosmo/v1/graphql,2026-05-11T02:33:10.093709,1.0.0
NFL,Northfield Park,2026-05-10,6,00:09,Trot 1m,Trot,Dirt,1m,"$19,500",6,Spaaaanzano,"Merriman, Aaro","Beaver, Christ",9/5,False,Harness,tvg,https://api.tvg.com/cosmo/v1/graphql,2026-05-11T02:33:10.093715,1.0.0
NFL,Northfield Park,2026-05-10,6,00:09,Trot 1m,Trot,Dirt,1m,"$19,500",7,Disgruntled Carl,"Irvine, Justin","Schillaci, Sam",7/2,False,Harness,tvg,https://api.tvg.com/cosmo/v1/graphql,2026-05-11T02:33:10.093734,1.0.0
NFL,Northfield Park,2026-05-10,7,00:33,Trot 1m,Trot,Dirt,1m,"$11,500",1,Swanky Yankee,"Loney, Logan","Loney, Rocky",9/2,False,Harness,tvg,https://api.tvg.com/cosmo/v1/graphql,2026-05-11T02:33:10.093748,1.0.0
NFL,Northfield Park,2026-05-10,7,00:33,Trot 1m,Trot,Dirt,1m,"$11,500",2,Unclejohnnyssecret,"Kash, Keith Jr","Sweeney, Mike",15/1,False,Harness,tvg,https://api.tvg.com/cosmo/v1/graphql,2026-05-11T02:33:10.093758,1.0.0
NFL,Northfield Park,2026-05-10,7,00:33,Trot 1m,Trot,Dirt,1m,"$11,500",3,Grand Spa,"Lems, Chris","Schillaci, Sam",3/1,False,Harness,tvg,https://api.tvg.com/cosmo/v1/graphql,2026-05-11T02:33:10.093764,1.0.0
NFL,Northfield Park,2026-05-10,7,00:33,Trot 1m,Trot,Dirt,1m,"$11,500",4,Kinnder Kahina,"Rhoades, Braid","Rhoades, Bill",7/1,False,Harness,tvg,https://api.tvg.com/cosmo/v1/graphql,2026-05-11T02:33:10.093770,1.0.0
NFL,Northfield Park,2026-05-10,7,00:33,Trot 1m,Trot,Dirt,1m,"$11,500",5,Gotta Have Rhythm,"Miller, Emanue","Moore, Rory",25/1,False,Harness,tvg,https://api.tvg.com/cosmo/v1/graphql,2026-05-11T02:33:10.093776,1.0.0
NFL,Northfield Park,2026-05-10,7,00:33,Trot 1m,Trot,Dirt,1m,"$11,500",6,King Of Cash,"Irvine, Justin","Chupp, Marion",5/1,False,Harness,tvg,https://api.tvg.com/cosmo/v1/graphql,2026-05-11T02:33:10.093783,1.0.0
NFL,Northfield Park,2026-05-10,7,00:33,Trot 1m,Trot,Dirt,1m,"$11,500",7,Mjs Wishinforpete,"Noble, Dan","Bross, Doyle",8/1,False,Harness,tvg,https://api.tvg.com/cosmo/v1/graphql,2026-05-11T02:33:10.093789,1.0.0
NFL,Northfield Park,2026-05-10,7,00:33,Trot 1m,Trot,Dirt,1m,"$11,500",8,Mindful Amos,"Merriman, Aaro","Miller, Jerry",8/1,False,Harness,tvg,https://api.tvg.com/cosmo/v1/graphql,2026-05-11T02:33:10.093799,1.0.0
NFL,Northfield Park,2026-05-10,7,00:33,Trot 1m,Trot,Dirt,1m,"$11,500",9,Smashingoodmatch,"Ciocca, John J","Cox, Wendy",6/1,True,Harness,tvg,https://api.tvg.com/cosmo/v1/graphql,2026-05-11T02:33:10.093805,1.0.0
NFL,Northfield Park,2026-05-10,8,01:02,Pace 1m,Pace,Dirt,1m,"$10,600",1,Our Benson N,"Lems, Chris","Schillaci, Sam",3/2,False,Harness,tvg,https://api.tvg.com/cosmo/v1/graphql,2026-05-11T02:33:10.093816,1.0.0
NFL,Northfield Park,2026-05-10,8,01:02,Pace 1m,Pace,Dirt,1m,"$10,600",2,Bobs Redemption,"Rhoades, Braid","St Louis, Tyle",12/1,False,Harness,tvg,https://api.tvg.com/cosmo/v1/graphql,2026-05-11T02:33:10.093821,1.0.0
NFL,Northfield Park,2026-05-10,8,01:02,Pace 1m,Pace,Dirt,1m,"$10,600",3,Cyclone Banner N,"Merriman, Aaro","Bendis, Randy",9/2,False,Harness,tvg,https://api.tvg.com/cosmo/v1/graphql,2026-05-11T02:33:10.093830,1.0.0
NFL,Northfield Park,2026-05-10,8,01:02,Pace 1m,Pace,Dirt,1m,"$10,600",4,Gallant Star,"Irvine, Justin","Kreiser, Cory",8/5,False,Harness,tvg,https://api.tvg.com/cosmo/v1/graphql,2026-05-11T02:33:10.093837,1.0.0
NFL,Northfield Park,2026-05-10,8,01:02,Pace 1m,Pace,Dirt,1m,"$10,600",5,Handsome Sir,"Angus, Tyler","Roach, Tim",20/1,False,Harness,tvg,https://api.tvg.com/cosmo/v1/graphql,2026-05-11T02:33:10.093843,1.0.0
NFL,Northfield Park,2026-05-10,8,01:02,Pace 1m,Pace,Dirt,1m,"$10,600",6,Risen Man,"Ciocca, John J","Millner, Jessi",12/1,False,Harness,tvg,https://api.tvg.com/cosmo/v1/graphql,2026-05-11T02:33:10.093849,1.0.0
NFL,Northfield Park,2026-05-10,8,01:02,Pace 1m,Pace,Dirt,1m,"$10,600",7,Tick's A Yankin,"Ebersole, Loga","Headworth, Mar",20/1,False,Harness,tvg,https://api.tvg.com/cosmo/v1/graphql,2026-05-11T02:33:10.093855,1.0.0
NFL,Northfield Park,2026-05-10,9,01:30,Pace 1m,Pace,Dirt,1m,"$5,300",1,Sriracha Heat,"Merriman, Aaro","Holzman, Paul",7/5,False,Harness,tvg,https://api.tvg.com/cosmo/v1/graphql,2026-05-11T02:33:10.093869,1.0.0
NFL,Northfield Park,2026-05-10,9,01:30,Pace 1m,Pace,Dirt,1m,"$5,300",2,Sharkbythesea,"Noble, Dan","Loney, Renae",1/1,False,Harness,tvg,https://api.tvg.com/cosmo/v1/graphql,2026-05-11T02:33:10.093875,1.0.0
NFL,Northfield Park,2026-05-10,9,01:30,Pace 1m,Pace,Dirt,1m,"$5,300",3,Ranger Alert,"Ebersole, Loga","Ebersole, Jeff",25/1,False,Harness,tvg,https://api.tvg.com/cosmo/v1/graphql,2026-05-11T02:33:10.093881,1.0.0
NFL,Northfield Park,2026-05-10,9,01:30,Pace 1m,Pace,Dirt,1m,"$5,300",4,Maga Dragon,"Rhoades, Braid","Cager, Keoaeka",15/1,True,Harness,tvg,https://api.tvg.com/cosmo/v1/graphql,2026-05-11T02:33:10.093888,1.0.0
NFL,Northfield Park,2026-05-10,9,01:30,Pace 1m,Pace,Dirt,1m,"$5,300",5,Y S Mathis Bro,"Kash, Keith Jr","Kash, Keith Jr",25/1,False,Harness,tvg,https://api.tvg.com/cosmo/v1/graphql,2026-05-11T02:33:10.093893,1.0.0
NFL,Northfield Park,2026-05-10,9,01:30,Pace 1m,Pace,Dirt,1m,"$5,300",6,Mister Rebbily A,"Farmer, Wyatt","Redder, Barb",25/1,False,Harness,tvg,https://api.tvg.com/cosmo/v1/graphql,2026-05-11T02:33:10.093900,1.0.0
NFL,Northfield Park,2026-05-10,9,01:30,Pace 1m,Pace,Dirt,1m,"$5,300",7,Ball Of Terror,"Irvine, Justin","Deaton, Ryan",15/1,False,Harness,tvg,https://api.tvg.com/cosmo/v1/graphql,2026-05-11T02:33:10.093906,1.0.0
NFL,Northfield Park,2026-05-10,9,01:30,Pace 1m,Pace,Dirt,1m,"$5,300",8,Sports Advisor,"Ciocca, John J","Zelenak, Richa",25/1,False,Harness,tvg,https://api.tvg.com/cosmo/v1/graphql,2026-05-11T02:33:10.093911,1.0.0
NFL,Northfield Park,2026-05-10,9,01:30,Pace 1m,Pace,Dirt,1m,"$5,300",9,Master Confection,"Thompson, Jaso","Umholtz, Clair",25/1,False,Harness,tvg,https://api.tvg.com/cosmo/v1/graphql,2026-05-11T02:33:10.093917,1.0.0
NFL,Northfield Park,2026-05-10,10,01:52,Pace 1m,Pace,Dirt,1m,"$12,800",1,Pocket The Cash N,"Rhoades, Braid","Schillaci, Sam",5/2,False,Harness,tvg,https://api.tvg.com/cosmo/v1/graphql,2026-05-11T02:33:10.093927,1.0.0
NFL,Northfield Park,2026-05-10,10,01:52,Pace 1m,Pace,Dirt,1m,"$12,800",2,Enrico Pallazzo,"Wrenn, Ronnie","Burke, Ron",3/1,True,Harness,tvg,https://api.tvg.com/cosmo/v1/graphql,2026-05-11T02:33:10.093932,1.0.0
NFL,Northfield Park,2026-05-10,10,01:52,Pace 1m,Pace,Dirt,1m,"$12,800",3,Noblight,"Noble, Dan","Hollar, Calvin",6/1,False,Harness,tvg,https://api.tvg.com/cosmo/v1/graphql,2026-05-11T02:33:10.093939,1.0.0
NFL,Northfield Park,2026-05-10,10,01:52,Pace 1m,Pace,Dirt,1m,"$12,800",4,Janelle Granny,"Day, James","Day, James",6/1,False,Harness,tvg,https://api.tvg.com/cosmo/v1/graphql,2026-05-11T02:33:10.093944,1.0.0
NFL,Northfield Park,2026-05-10,10,01:52,Pace 1m,Pace,Dirt,1m,"$12,800",5,Showboat Shooting,"Harmon, Lauren","Harmon, Lauren",25/1,False,Harness,tvg,https://api.tvg.com/cosmo/v1/graphql,2026-05-11T02:33:10.093950,1.0.0
NFL,Northfield Park,2026-05-10,10,01:52,Pace 1m,Pace,Dirt,1m,"$12,800",6,Betterdealmein,"Merriman, Aaro","Umholtz, Clair",9/1,False,Harness,tvg,https://api.tvg.com/cosmo/v1/graphql,2026-05-11T02:33:10.093955,1.0.0
NFL,Northfield Park,2026-05-10,10,01:52,Pace 1m,Pace,Dirt,1m,"$12,800",7,Quick Trick,"Lems, Chris","Conger, Jeff",9/1,False,Harness,tvg,https://api.tvg.com/cosmo/v1/graphql,2026-05-11T02:33:10.093962,1.0.0
NFL,Northfield Park,2026-05-10,10,01:52,Pace 1m,Pace,Dirt,1m,"$12,800",8,Western B B,"Ebersole, Loga","Edwards, Dale",25/1,False,Harness,tvg,https://api.tvg.com/cosmo/v1/graphql,2026-05-11T02:33:10.093969,1.0.0
NFL,Northfield Park,2026-05-10,10,01:52,Pace 1m,Pace,Dirt,1m,"$12,800",9,Coop A Loop,"Irvine, Justin","Alexander, Nat",6/1,False,Harness,tvg,https://api.tvg.com/cosmo/v1/graphql,2026-05-11T02:33:10.093977,1.0.0
NFL,Northfield Park,2026-05-10,11,02:17,Pace 1m,Pace,Dirt,1m,"$19,500",1,Back In My Day,"Kash, Keith Jr","Roegner, Jessi",8/1,False,Harness,tvg,https://api.tvg.com/cosmo/v1/graphql,2026-05-11T02:33:10.093987,1.0.0
NFL,Northfield Park,2026-05-10,11,02:17,Pace 1m,Pace,Dirt,1m,"$19,500",2,Hellabalou,"Wrenn, Ronnie","Burke, Ron",7/2,False,Harness,tvg,https://api.tvg.com/cosmo/v1/graphql,2026-05-11T02:33:10.093994,1.0.0
NFL,Northfield Park,2026-05-10,11,02:17,Pace 1m,Pace,Dirt,1m,"$19,500",3,Not Today,"Ciocca, John J","Ciocca, John J",15/1,False,Harness,tvg,https://api.tvg.com/cosmo/v1/graphql,2026-05-11T02:33:10.094000,1.0.0
NFL,Northfield Park,2026-05-10,11,02:17,Pace 1m,Pace,Dirt,1m,"$19,500",4,Birthday,"Lems, Chris","Burke, Ron",4/1,False,Harness,tvg,https://api.tvg.com/cosmo/v1/graphql,2026-05-11T02:33:10.094005,1.0.0
NFL,Northfield Park,2026-05-10,11,02:17,Pace 1m,Pace,Dirt,1m,"$19,500",5,Bismarkduplessis N,"Rhoades, Braid","Noble, Christi",25/1,True,Harness,tvg,https://api.tvg.com/cosmo/v1/graphql,2026-05-11T02:33:10.094011,1.0.0
NFL,Northfield Park,2026-05-10,11,02:17,Pace 1m,Pace,Dirt,1m,"$19,500",6,Miki Shan N,"Merriman, Aaro","Rhoades, Bill",6/1,False,Harness,tvg,https://api.tvg.com/cosmo/v1/graphql,2026-05-11T02:33:10.094016,1.0.0
NFL,Northfield Park,2026-05-10,11,02:17,Pace 1m,Pace,Dirt,1m,"$19,500",7,Helium N,"Noble, Dan","Noble, Christi",6/5,False,Harness,tvg,https://api.tvg.com/cosmo/v1/graphql,2026-05-11T02:33:10.094021,1.0.0
NFL,Northfield Park,2026-05-10,12,02:34,Pace 1m,Pace,Dirt,1m,"$10,200",1,Dj Cowboy,"Angus, Tyler","Hollar, Calvin",8/1,False,Harness,tvg,https://api.tvg.com/cosmo/v1/graphql,2026-05-11T02:33:10.094032,1.0.0
NFL,Northfield Park,2026-05-10,12,02:34,Pace 1m,Pace,Dirt,1m,"$10,200",2,No Turbulence,"Loney, Logan","Loney, Rocky",12/1,False,Harness,tvg,https://api.tvg.com/cosmo/v1/graphql,2026-05-11T02:33:10.094037,1.0.0
NFL,Northfield Park,2026-05-10,12,02:34,Pace 1m,Pace,Dirt,1m,"$10,200",3,High Country Baby,"Lems, Chris","Alvarez, Ariel",10/1,False,Harness,tvg,https://api.tvg.com/cosmo/v1/graphql,2026-05-11T02:33:10.094044,1.0.0
NFL,Northfield Park,2026-05-10,12,02:34,Pace 1m,Pace,Dirt,1m,"$10,200",4,Markgetsetgo,"Noble, Dan","Roach, Tim",9/5,False,Harness,tvg,https://api.tvg.com/cosmo/v1/graphql,2026-05-11T02:33:10.094049,1.0.0
NFL,Northfield Park,2026-05-10,12,02:34,Pace 1m,Pace,Dirt,1m,"$10,200",5,Theymakeusbetter,"Merriman, Aaro","Russo, Christo",6/1,False,Harness,tvg,https://api.tvg.com/cosmo/v1/graphql,2026-05-11T02:33:10.094055,1.0.0
NFL,Northfield Park,2026-05-10,12,02:34,Pace 1m,Pace,Dirt,1m,"$10,200",6,Check On Me,"Rhoades, Braid","Rhoades, Bill",9/1,True,Harness,tvg,https://api.tvg.com/cosmo/v1/graphql,2026-05-11T02:33:10.094062,1.0.0
NFL,Northfield Park,2026-05-10,12,02:34,Pace 1m,Pace,Dirt,1m,"$10,200",7,Cruising Along,"Irvine, Justin","Johnson, Whitn",3/1,False,Harness,tvg,https://api.tvg.com/cosmo/v1/graphql,2026-05-11T02:33:10.094068,1.0.0
NFL,Northfield Park,2026-05-10,12,02:34,Pace 1m,Pace,Dirt,1m,"$10,200",8,George's Pick,"Grismore, Greg","Grismore, Greg",25/1,False,Harness,tvg,https://api.tvg.com/cosmo/v1/graphql,2026-05-11T02:33:10.094074,1.0.0
NFL,Northfield Park,2026-05-10,12,02:34,Pace 1m,Pace,Dirt,1m,"$10,200",9,Ponda Lambo,"Ebersole, Loga","Sherman, Kent",25/1,False,Harness,tvg,https://api.tvg.com/cosmo/v1/graphql,2026-05-11T02:33:10.094079,1.0.0
NFL,Northfield Park,2026-05-10,13,02:24,Pace 1m,Pace,Dirt,1m,"$6,800",1,Pet My Rock,"Miller, Emanue","Troyer, Roelet",15/1,False,Harness,tvg,https://api.tvg.com/cosmo/v1/graphql,2026-05-11T02:33:10.094089,1.0.0
NFL,Northfield Park,2026-05-10,13,02:24,Pace 1m,Pace,Dirt,1m,"$6,800",2,Bullvillespandemic,"Grismore, Greg","Grismore, Greg",9/1,True,Harness,tvg,https://api.tvg.com/cosmo/v1/graphql,2026-05-11T02:33:10.094094,1.0.0
NFL,Northfield Park,2026-05-10,13,02:24,Pace 1m,Pace,Dirt,1m,"$6,800",3,Born To Ramble,"Ciocca, John J","Ciocca, John J",6/1,False,Harness,tvg,https://api.tvg.com/cosmo/v1/graphql,2026-05-11T02:33:10.094100,1.0.0
NFL,Northfield Park,2026-05-10,13,02:24,Pace 1m,Pace,Dirt,1m,"$6,800",4,Music Is Art,"Ebersole, Loga","Headworth, Mar",25/1,False,Harness,tvg,https://api.tvg.com/cosmo/v1/graphql,2026-05-11T02:33:10.094107,1.0.0
NFL,Northfield Park,2026-05-10,13,02:24,Pace 1m,Pace,Dirt,1m,"$6,800",5,Moved Bythe Spirit,"Merriman, Aaro","Kreiser, Cory",5/2,False,Harness,tvg,https://api.tvg.com/cosmo/v1/graphql,2026-05-11T02:33:10.094113,1.0.0
NFL,Northfield Park,2026-05-10,13,02:24,Pace 1m,Pace,Dirt,1m,"$6,800",6,Pirates Beach Bar,"Irvine, Justin","Miller, Duane",12/1,False,Harness,tvg,https://api.tvg.com/cosmo/v1/graphql,2026-05-11T02:33:10.094118,1.0.0
NFL,Northfield Park,2026-05-10,13,02:24,Pace 1m,Pace,Dirt,1m,"$6,800",7,Royhill,"Rhoades, Braid","Angus, Ryan",25/1,False,Harness,tvg,https://api.tvg.com/cosmo/v1/graphql,2026-05-11T02:33:10.094124,1.0.0
NFL,Northfield Park,2026-05-10,13,02:24,Pace 1m,Pace,Dirt,1m,"$6,800",8,Bb Cruiser,"Noble, Dan","Rhoades, Bill",2/1,False,Harness,tvg,https://api.tvg.com/cosmo/v1/graphql,2026-05-11T02:33:10.094133,1.0.0
NFL,Northfield Park,2026-05-10,13,02:24,Pace 1m,Pace,Dirt,1m,"$6,800",9,Roc Vodka,"Lems, Chris","Schillaci, Sam",7/2,False,Harness,tvg,https://api.tvg.com/cosmo/v1/graphql,2026-05-11T02:33:10.094139,1.0.0
NFL,Northfield Park,2026-05-10,14,02:46,Trot 1m,Trot,Dirt,1m,"$10,600",1,Bryant Bros S,"Lems, Chris","Schillaci, Sam",9/5,False,Harness,tvg,https://api.tvg.com/cosmo/v1/graphql,2026-05-11T02:33:10.094150,1.0.0
NFL,Northfield Park,2026-05-10,14,02:46,Trot 1m,Trot,Dirt,1m,"$10,600",2,John's Baby Filly,"Noble, Dan","Roegner, Jessi",5/2,False,Harness,tvg,https://api.tvg.com/cosmo/v1/graphql,2026-05-11T02:33:10.094156,1.0.0
NFL,Northfield Park,2026-05-10,14,02:46,Trot 1m,Trot,Dirt,1m,"$10,600",3,Whiskey Finish,"Angus, Tyler","Angus, Ryan",10/1,False,Harness,tvg,https://api.tvg.com/cosmo/v1/graphql,2026-05-11T02:33:10.094167,1.0.0
NFL,Northfield Park,2026-05-10,14,02:46,Trot 1m,Trot,Dirt,1m,"$10,600",4,Anastasia Rudy,"Ebersole, Loga","Conger, Jeff",15/1,False,Harness,tvg,https://api.tvg.com/cosmo/v1/graphql,2026-05-11T02:33:10.094173,1.0.0
NFL,Northfield Park,2026-05-10,14,02:46,Trot 1m,Trot,Dirt,1m,"$10,600",5,Rumbleinthevalley,"Rhoades, Braid","Cager, Keoaeka",20/1,False,Harness,tvg,https://api.tvg.com/cosmo/v1/graphql,2026-05-11T02:33:10.094179,1.0.0
NFL,Northfield Park,2026-05-10,14,02:46,Trot 1m,Trot,Dirt,1m,"$10,600",6,Caviar Creek,"Thompson, Jaso","Neil, Danielle",9/1,False,Harness,tvg,https://api.tvg.com/cosmo/v1/graphql,2026-05-11T02:33:10.094185,1.0.0
NFL,Northfield Park,2026-05-10,14,02:46,Trot 1m,Trot,Dirt,1m,"$10,600",7,Focus Pocus,"Merriman, Aaro","Bendis, Randy",25/1,False,Harness,tvg,https://api.tvg.com/cosmo/v1/graphql,2026-05-11T02:33:10.094190,1.0.0
NFL,Northfield Park,2026-05-10,14,02:46,Trot 1m,Trot,Dirt,1m,"$10,600",8,Texsong Soprano,"Irvine, Justin","Sweeney, Mike",9/2,False,Harness,tvg,https://api.tvg.com/cosmo/v1/graphql,2026-05-11T02:33:10.094196,1.0.0
NFL,Northfield Park,2026-05-10,14,02:46,Trot 1m,Trot,Dirt,1m,"$10,600",9,Mazoyeres,"Miller, Emanue","Beaver, Christ",20/1,False,Harness,tvg,https://api.tvg.com/cosmo/v1/graphql,2026-05-11T02:33:10.094202,1.0.0
NFL,Northfield Park,2026-05-10,15,03:08,Pace 1m,Pace,Dirt,1m,"$10,600",1,Cocosdream A,"Lems, Chris","Schillaci, Sam",9/5,False,Harness,tvg,https://api.tvg.com/cosmo/v1/graphql,2026-05-11T02:33:10.094215,1.0.0
NFL,Northfield Park,2026-05-10,15,03:08,Pace 1m,Pace,Dirt,1m,"$10,600",2,American Fling,"Merriman, Aaro","Bendis, Randy",7/2,False,Harness,tvg,https://api.tvg.com/cosmo/v1/graphql,2026-05-11T02:33:10.094221,1.0.0
NFL,Northfield Park,2026-05-10,15,03:08,Pace 1m,Pace,Dirt,1m,"$10,600",3,Lakeside Buddy,"Miller, Emanue","Troyer, Roelet",7/1,False,Harness,tvg,https://api.tvg.com/cosmo/v1/graphql,2026-05-11T02:33:10.094227,1.0.0
NFL,Northfield Park,2026-05-10,15,03:08,Pace 1m,Pace,Dirt,1m,"$10,600",4,R Maddy Blue Chip,"Ebersole, Loga","Headworth, Mar",7/1,False,Harness,tvg,https://api.tvg.com/cosmo/v1/graphql,2026-05-11T02:33:10.094232,1.0.0
NFL,Northfield Park,2026-05-10,15,03:08,Pace 1m,Pace,Dirt,1m,"$10,600",5,Pizzagaina,"Irvine, Justin","Millner, Jessi",6/1,False,Harness,tvg,https://api.tvg.com/cosmo/v1/graphql,2026-05-11T02:33:10.094238,1.0.0
NFL,Northfield Park,2026-05-10,15,03:08,Pace 1m,Pace,Dirt,1m,"$10,600",6,Noble Dale,"Grismore, Greg","Grismore, Greg",25/1,False,Harness,tvg,https://api.tvg.com/cosmo/v1/graphql,2026-05-11T02:33:10.094245,1.0.0
NFL,Northfield Park,2026-05-10,15,03:08,Pace 1m,Pace,Dirt,1m,"$10,600",7,My Friend Mel,"Ciocca, John J","Roegner, Jessi",9/1,False,Harness,tvg,https://api.tvg.com/cosmo/v1/graphql,2026-05-11T02:33:10.094251,1.0.0
NFL,Northfield Park,2026-05-10,15,03:08,Pace 1m,Pace,Dirt,1m,"$10,600",8,Beachchip Hanover,"Noble, Dan","Oliverio, John",8/1,False,Harness,tvg,https://api.tvg.com/cosmo/v1/graphql,2026-05-11T02:33:10.094257,1.0.0
